[debug] [2026-07-21T21:46:35.447Z] [Firebase Plugin] Activating Firebase extension.
[debug] [2026-07-21T21:46:38.484Z] [Firebase Plugin] requireAuthWrapper
[debug] [2026-07-21T21:46:38.486Z] > command requires scopes: ["email","openid","https://www.googleapis.com/auth/cloudplatformprojects.readonly","https://www.googleapis.com/auth/firebase","https://www.googleapis.com/auth/cloud-platform"]
[debug] [2026-07-21T21:46:38.487Z] > authorizing via signed-in user (aimick934@gmail.com)
[debug] [2026-07-21T21:46:38.494Z] Checked if tokens are valid: false, expires at: 1784654299532
[debug] [2026-07-21T21:46:38.495Z] Checked if tokens are valid: false, expires at: 1784654299532
[debug] [2026-07-21T21:46:38.495Z] > refreshing access token with scopes: []
[debug] [2026-07-21T21:46:38.501Z] >>> [apiv2][query] POST https://www.googleapis.com/oauth2/v3/token [none]
[debug] [2026-07-21T21:46:38.501Z] >>> [apiv2][body] POST https://www.googleapis.com/oauth2/v3/token [omitted]
[debug] [2026-07-21T21:46:38.531Z] [Firebase Plugin] VSCode notification server listening on port 40002
[info] [Firebase Plugin] Starting SQL Connect toolkit (version 3.4.16) on port 50001
[debug] [2026-07-21T21:46:39.220Z] 'fdc build' failed with error: Unable to build your SQL Connect schema and connectors (exit code 1): E0721 21:46:39.216045   14311 cmd.go:43] Error loading data connect config: could not find dataconnect.yaml in `/home/user/test1/barberweb/dataconnect`
 {"metadata":{"emulator":{"name":"dataconnect"},"message":"'fdc build' failed with error: Unable to build your SQL Connect schema and connectors (exit code 1): E0721 21:46:39.216045   14311 cmd.go:43] Error loading data connect config: could not find dataconnect.yaml in `/home/user/test1/barberweb/dataconnect`\n"}}
[debug] [2026-07-21T21:46:39.221Z] Ignoring unsupported arg: auto_download {"metadata":{"emulator":{"name":"dataconnect"},"message":"Ignoring unsupported arg: auto_download"}}
[debug] [2026-07-21T21:46:39.222Z] Ignoring unsupported arg: port {"metadata":{"emulator":{"name":"dataconnect"},"message":"Ignoring unsupported arg: port"}}
[debug] [2026-07-21T21:46:39.222Z] Starting SQL Connect Emulator with command {"binary":"/home/user/.cache/firebase/emulators/dataconnect-emulator-3.4.16","args":["--logtostderr","-v=2","dev","--listen=localhost:50001","--config_dir=/home/user/test1/barberweb/dataconnect","--enable_output_schema_extensions=true","--enable_output_generated_sdk=true"],"optionalArgs":["listen","config_dir","enable_output_schema_extensions","enable_output_generated_sdk"],"joinArgs":true,"shell":false,"port":9399} {"metadata":{"emulator":{"name":"dataconnect"},"message":"Starting SQL Connect Emulator with command {\"binary\":\"/home/user/.cache/firebase/emulators/dataconnect-emulator-3.4.16\",\"args\":[\"--logtostderr\",\"-v=2\",\"dev\",\"--listen=localhost:50001\",\"--config_dir=/home/user/test1/barberweb/dataconnect\",\"--enable_output_schema_extensions=true\",\"--enable_output_generated_sdk=true\"],\"optionalArgs\":[\"listen\",\"config_dir\",\"enable_output_schema_extensions\",\"enable_output_generated_sdk\"],\"joinArgs\":true,\"shell\":false,\"port\":9399}"}}
[info] i  dataconnect: SQL Connect Emulator logging to dataconnect-debug.log {"metadata":{"emulator":{"name":"dataconnect"},"message":"SQL Connect Emulator logging to dataconnect-debug.log"}}
[debug] [2026-07-21T21:46:39.242Z] <<< [apiv2][status] POST https://www.googleapis.com/oauth2/v3/token 200
[debug] [2026-07-21T21:46:39.242Z] <<< [apiv2][body] POST https://www.googleapis.com/oauth2/v3/token [omitted]
[debug] [2026-07-21T21:46:39.252Z] [Firebase Plugin] User found:  aimick934@gmail.com
[info] [Firebase Plugin] (Core:Project) New user detected, fetching projects
[debug] [2026-07-21T21:46:39.253Z] Checked if tokens are valid: true, expires at: 1784673998242
[debug] [2026-07-21T21:46:39.254Z] >>> [apiv2][query] GET https://firebase.googleapis.com/v1beta1/projects pageSize=1000
[debug] [2026-07-21T21:46:39.280Z] E0721 21:46:39.259871   14330 dev.go:80] Failed to load initial config from "/home/user/test1/barberweb/dataconnect": could not find dataconnect.yaml in `/home/user/test1/barberweb/dataconnect`
E0721 21:46:39.261954   14330 watch.go:116] watchAllDir unable to walk dir `/home/user/test1/barberweb/dataconnect`: lstat /home/user/test1/barberweb/dataconnect: no such file or directory
I0721 21:46:39.268583   14330 dev.go:101] Listening on address (HTTP + gRPC): 127.0.0.1:50001
 {"metadata":{"emulator":{"name":"dataconnect"},"message":"E0721 21:46:39.259871   14330 dev.go:80] Failed to load initial config from \"/home/user/test1/barberweb/dataconnect\": could not find dataconnect.yaml in `/home/user/test1/barberweb/dataconnect`\nE0721 21:46:39.261954   14330 watch.go:116] watchAllDir unable to walk dir `/home/user/test1/barberweb/dataconnect`: lstat /home/user/test1/barberweb/dataconnect: no such file or directory\nI0721 21:46:39.268583   14330 dev.go:101] Listening on address (HTTP + gRPC): 127.0.0.1:50001\n"}}
[error] [Firebase Plugin] error:  {}
[debug] [2026-07-21T21:46:39.742Z] <<< [apiv2][status] GET https://firebase.googleapis.com/v1beta1/projects 200
[debug] [2026-07-21T21:46:39.743Z] <<< [apiv2][body] GET https://firebase.googleapis.com/v1beta1/projects [omitted]
[debug] [2026-07-21T21:46:49.272Z] E0721 21:46:49.271827   14330 watch.go:40] Failed to load config from "/home/user/test1/barberweb/dataconnect": could not find dataconnect.yaml in `/home/user/test1/barberweb/dataconnect`
 {"metadata":{"emulator":{"name":"dataconnect"},"message":"E0721 21:46:49.271827   14330 watch.go:40] Failed to load config from \"/home/user/test1/barberweb/dataconnect\": could not find dataconnect.yaml in `/home/user/test1/barberweb/dataconnect`\n"}}
[debug] [2026-07-21T21:46:59.272Z] E0721 21:46:59.272028   14330 watch.go:40] Failed to load config from "/home/user/test1/barberweb/dataconnect": could not find dataconnect.yaml in `/home/user/test1/barberweb/dataconnect`
 {"metadata":{"emulator":{"name":"dataconnect"},"message":"E0721 21:46:59.272028   14330 watch.go:40] Failed to load config from \"/home/user/test1/barberweb/dataconnect\": could not find dataconnect.yaml in `/home/user/test1/barberweb/dataconnect`\n"}}
[debug] [2026-07-21T21:47:09.263Z] E0721 21:47:09.262687   14330 watch.go:40] Failed to load config from "/home/user/test1/barberweb/dataconnect": could not find dataconnect.yaml in `/home/user/test1/barberweb/dataconnect`
 {"metadata":{"emulator":{"name":"dataconnect"},"message":"E0721 21:47:09.262687   14330 watch.go:40] Failed to load config from \"/home/user/test1/barberweb/dataconnect\": could not find dataconnect.yaml in `/home/user/test1/barberweb/dataconnect`\n"}}
[debug] [2026-07-21T21:47:19.272Z] E0721 21:47:19.271809   14330 watch.go:40] Failed to load config from "/home/user/test1/barberweb/dataconnect": could not find dataconnect.yaml in `/home/user/test1/barberweb/dataconnect`
 {"metadata":{"emulator":{"name":"dataconnect"},"message":"E0721 21:47:19.271809   14330 watch.go:40] Failed to load config from \"/home/user/test1/barberweb/dataconnect\": could not find dataconnect.yaml in `/home/user/test1/barberweb/dataconnect`\n"}}
[debug] [2026-07-21T21:47:29.272Z] E0721 21:47:29.271926   14330 watch.go:40] Failed to load config from "/home/user/test1/barberweb/dataconnect": could not find dataconnect.yaml in `/home/user/test1/barberweb/dataconnect`
 {"metadata":{"emulator":{"name":"dataconnect"},"message":"E0721 21:47:29.271926   14330 watch.go:40] Failed to load config from \"/home/user/test1/barberweb/dataconnect\": could not find dataconnect.yaml in `/home/user/test1/barberweb/dataconnect`\n"}}
[debug] [2026-07-21T21:47:39.263Z] E0721 21:47:39.262688   14330 watch.go:116] watchAllDir unable to walk dir `/home/user/test1/barberweb/dataconnect`: lstat /home/user/test1/barberweb/dataconnect: no such file or directory
E0721 21:47:39.262783   14330 watch.go:40] Failed to load config from "/home/user/test1/barberweb/dataconnect": could not find dataconnect.yaml in `/home/user/test1/barberweb/dataconnect`
 {"metadata":{"emulator":{"name":"dataconnect"},"message":"E0721 21:47:39.262688   14330 watch.go:116] watchAllDir unable to walk dir `/home/user/test1/barberweb/dataconnect`: lstat /home/user/test1/barberweb/dataconnect: no such file or directory\nE0721 21:47:39.262783   14330 watch.go:40] Failed to load config from \"/home/user/test1/barberweb/dataconnect\": could not find dataconnect.yaml in `/home/user/test1/barberweb/dataconnect`\n"}}
[debug] [2026-07-21T21:47:49.272Z] E0721 21:47:49.272032   14330 watch.go:40] Failed to load config from "/home/user/test1/barberweb/dataconnect": could not find dataconnect.yaml in `/home/user/test1/barberweb/dataconnect`
 {"metadata":{"emulator":{"name":"dataconnect"},"message":"E0721 21:47:49.272032   14330 watch.go:40] Failed to load config from \"/home/user/test1/barberweb/dataconnect\": could not find dataconnect.yaml in `/home/user/test1/barberweb/dataconnect`\n"}}
[debug] [2026-07-21T21:47:59.272Z] E0721 21:47:59.272172   14330 watch.go:40] Failed to load config from "/home/user/test1/barberweb/dataconnect": could not find dataconnect.yaml in `/home/user/test1/barberweb/dataconnect`
 {"metadata":{"emulator":{"name":"dataconnect"},"message":"E0721 21:47:59.272172   14330 watch.go:40] Failed to load config from \"/home/user/test1/barberweb/dataconnect\": could not find dataconnect.yaml in `/home/user/test1/barberweb/dataconnect`\n"}}
[debug] [2026-07-21T21:48:09.263Z] E0721 21:48:09.263054   14330 watch.go:40] Failed to load config from "/home/user/test1/barberweb/dataconnect": could not find dataconnect.yaml in `/home/user/test1/barberweb/dataconnect`
 {"metadata":{"emulator":{"name":"dataconnect"},"message":"E0721 21:48:09.263054   14330 watch.go:40] Failed to load config from \"/home/user/test1/barberweb/dataconnect\": could not find dataconnect.yaml in `/home/user/test1/barberweb/dataconnect`\n"}}
[debug] [2026-07-21T21:48:19.266Z] E0721 21:48:19.265956   14330 watch.go:40] Failed to load config from "/home/user/test1/barberweb/dataconnect": could not find dataconnect.yaml in `/home/user/test1/barberweb/dataconnect`
 {"metadata":{"emulator":{"name":"dataconnect"},"message":"E0721 21:48:19.265956   14330 watch.go:40] Failed to load config from \"/home/user/test1/barberweb/dataconnect\": could not find dataconnect.yaml in `/home/user/test1/barberweb/dataconnect`\n"}}
[debug] [2026-07-21T21:48:29.272Z] E0721 21:48:29.272086   14330 watch.go:40] Failed to load config from "/home/user/test1/barberweb/dataconnect": could not find dataconnect.yaml in `/home/user/test1/barberweb/dataconnect`
 {"metadata":{"emulator":{"name":"dataconnect"},"message":"E0721 21:48:29.272086   14330 watch.go:40] Failed to load config from \"/home/user/test1/barberweb/dataconnect\": could not find dataconnect.yaml in `/home/user/test1/barberweb/dataconnect`\n"}}
[debug] [2026-07-21T21:48:39.262Z] E0721 21:48:39.262477   14330 watch.go:116] watchAllDir unable to walk dir `/home/user/test1/barberweb/dataconnect`: lstat /home/user/test1/barberweb/dataconnect: no such file or directory
E0721 21:48:39.262588   14330 watch.go:40] Failed to load config from "/home/user/test1/barberweb/dataconnect": could not find dataconnect.yaml in `/home/user/test1/barberweb/dataconnect`
 {"metadata":{"emulator":{"name":"dataconnect"},"message":"E0721 21:48:39.262477   14330 watch.go:116] watchAllDir unable to walk dir `/home/user/test1/barberweb/dataconnect`: lstat /home/user/test1/barberweb/dataconnect: no such file or directory\nE0721 21:48:39.262588   14330 watch.go:40] Failed to load config from \"/home/user/test1/barberweb/dataconnect\": could not find dataconnect.yaml in `/home/user/test1/barberweb/dataconnect`\n"}}
[debug] [2026-07-21T21:48:49.263Z] E0721 21:48:49.262729   14330 watch.go:40] Failed to load config from "/home/user/test1/barberweb/dataconnect": could not find dataconnect.yaml in `/home/user/test1/barberweb/dataconnect`
 {"metadata":{"emulator":{"name":"dataconnect"},"message":"E0721 21:48:49.262729   14330 watch.go:40] Failed to load config from \"/home/user/test1/barberweb/dataconnect\": could not find dataconnect.yaml in `/home/user/test1/barberweb/dataconnect`\n"}}
[debug] [2026-07-21T21:48:59.262Z] E0721 21:48:59.262355   14330 watch.go:40] Failed to load config from "/home/user/test1/barberweb/dataconnect": could not find dataconnect.yaml in `/home/user/test1/barberweb/dataconnect`
 {"metadata":{"emulator":{"name":"dataconnect"},"message":"E0721 21:48:59.262355   14330 watch.go:40] Failed to load config from \"/home/user/test1/barberweb/dataconnect\": could not find dataconnect.yaml in `/home/user/test1/barberweb/dataconnect`\n"}}
[debug] [2026-07-21T21:49:09.262Z] E0721 21:49:09.262629   14330 watch.go:40] Failed to load config from "/home/user/test1/barberweb/dataconnect": could not find dataconnect.yaml in `/home/user/test1/barberweb/dataconnect`
 {"metadata":{"emulator":{"name":"dataconnect"},"message":"E0721 21:49:09.262629   14330 watch.go:40] Failed to load config from \"/home/user/test1/barberweb/dataconnect\": could not find dataconnect.yaml in `/home/user/test1/barberweb/dataconnect`\n"}}
[debug] [2026-07-21T21:49:19.272Z] E0721 21:49:19.271815   14330 watch.go:40] Failed to load config from "/home/user/test1/barberweb/dataconnect": could not find dataconnect.yaml in `/home/user/test1/barberweb/dataconnect`
 {"metadata":{"emulator":{"name":"dataconnect"},"message":"E0721 21:49:19.271815   14330 watch.go:40] Failed to load config from \"/home/user/test1/barberweb/dataconnect\": could not find dataconnect.yaml in `/home/user/test1/barberweb/dataconnect`\n"}}
[debug] [2026-07-21T21:49:29.272Z] E0721 21:49:29.271889   14330 watch.go:40] Failed to load config from "/home/user/test1/barberweb/dataconnect": could not find dataconnect.yaml in `/home/user/test1/barberweb/dataconnect`
 {"metadata":{"emulator":{"name":"dataconnect"},"message":"E0721 21:49:29.271889   14330 watch.go:40] Failed to load config from \"/home/user/test1/barberweb/dataconnect\": could not find dataconnect.yaml in `/home/user/test1/barberweb/dataconnect`\n"}}
[debug] [2026-07-21T21:49:39.262Z] E0721 21:49:39.262479   14330 watch.go:116] watchAllDir unable to walk dir `/home/user/test1/barberweb/dataconnect`: lstat /home/user/test1/barberweb/dataconnect: no such file or directory
E0721 21:49:39.262560   14330 watch.go:40] Failed to load config from "/home/user/test1/barberweb/dataconnect": could not find dataconnect.yaml in `/home/user/test1/barberweb/dataconnect`
 {"metadata":{"emulator":{"name":"dataconnect"},"message":"E0721 21:49:39.262479   14330 watch.go:116] watchAllDir unable to walk dir `/home/user/test1/barberweb/dataconnect`: lstat /home/user/test1/barberweb/dataconnect: no such file or directory\nE0721 21:49:39.262560   14330 watch.go:40] Failed to load config from \"/home/user/test1/barberweb/dataconnect\": could not find dataconnect.yaml in `/home/user/test1/barberweb/dataconnect`\n"}}
[debug] [2026-07-21T21:49:49.265Z] E0721 21:49:49.264703   14330 watch.go:40] Failed to load config from "/home/user/test1/barberweb/dataconnect": could not find dataconnect.yaml in `/home/user/test1/barberweb/dataconnect`
 {"metadata":{"emulator":{"name":"dataconnect"},"message":"E0721 21:49:49.264703   14330 watch.go:40] Failed to load config from \"/home/user/test1/barberweb/dataconnect\": could not find dataconnect.yaml in `/home/user/test1/barberweb/dataconnect`\n"}}
[debug] [2026-07-21T21:49:59.272Z] E0721 21:49:59.271829   14330 watch.go:40] Failed to load config from "/home/user/test1/barberweb/dataconnect": could not find dataconnect.yaml in `/home/user/test1/barberweb/dataconnect`
 {"metadata":{"emulator":{"name":"dataconnect"},"message":"E0721 21:49:59.271829   14330 watch.go:40] Failed to load config from \"/home/user/test1/barberweb/dataconnect\": could not find dataconnect.yaml in `/home/user/test1/barberweb/dataconnect`\n"}}
[debug] [2026-07-21T21:50:09.263Z] E0721 21:50:09.263266   14330 watch.go:40] Failed to load config from "/home/user/test1/barberweb/dataconnect": could not find dataconnect.yaml in `/home/user/test1/barberweb/dataconnect`
 {"metadata":{"emulator":{"name":"dataconnect"},"message":"E0721 21:50:09.263266   14330 watch.go:40] Failed to load config from \"/home/user/test1/barberweb/dataconnect\": could not find dataconnect.yaml in `/home/user/test1/barberweb/dataconnect`\n"}}
[debug] [2026-07-21T21:50:19.270Z] E0721 21:50:19.270366   14330 watch.go:40] Failed to load config from "/home/user/test1/barberweb/dataconnect": could not find dataconnect.yaml in `/home/user/test1/barberweb/dataconnect`
 {"metadata":{"emulator":{"name":"dataconnect"},"message":"E0721 21:50:19.270366   14330 watch.go:40] Failed to load config from \"/home/user/test1/barberweb/dataconnect\": could not find dataconnect.yaml in `/home/user/test1/barberweb/dataconnect`\n"}}
[debug] [2026-07-21T21:50:29.271Z] E0721 21:50:29.271574   14330 watch.go:40] Failed to load config from "/home/user/test1/barberweb/dataconnect": could not find dataconnect.yaml in `/home/user/test1/barberweb/dataconnect`
 {"metadata":{"emulator":{"name":"dataconnect"},"message":"E0721 21:50:29.271574   14330 watch.go:40] Failed to load config from \"/home/user/test1/barberweb/dataconnect\": could not find dataconnect.yaml in `/home/user/test1/barberweb/dataconnect`\n"}}
[debug] [2026-07-21T21:50:39.263Z] E0721 21:50:39.262949   14330 watch.go:116] watchAllDir unable to walk dir `/home/user/test1/barberweb/dataconnect`: lstat /home/user/test1/barberweb/dataconnect: no such file or directory
E0721 21:50:39.263048   14330 watch.go:40] Failed to load config from "/home/user/test1/barberweb/dataconnect": could not find dataconnect.yaml in `/home/user/test1/barberweb/dataconnect`
 {"metadata":{"emulator":{"name":"dataconnect"},"message":"E0721 21:50:39.262949   14330 watch.go:116] watchAllDir unable to walk dir `/home/user/test1/barberweb/dataconnect`: lstat /home/user/test1/barberweb/dataconnect: no such file or directory\nE0721 21:50:39.263048   14330 watch.go:40] Failed to load config from \"/home/user/test1/barberweb/dataconnect\": could not find dataconnect.yaml in `/home/user/test1/barberweb/dataconnect`\n"}}
[debug] [2026-07-21T21:50:49.272Z] E0721 21:50:49.272151   14330 watch.go:40] Failed to load config from "/home/user/test1/barberweb/dataconnect": could not find dataconnect.yaml in `/home/user/test1/barberweb/dataconnect`
 {"metadata":{"emulator":{"name":"dataconnect"},"message":"E0721 21:50:49.272151   14330 watch.go:40] Failed to load config from \"/home/user/test1/barberweb/dataconnect\": could not find dataconnect.yaml in `/home/user/test1/barberweb/dataconnect`\n"}}
[debug] [2026-07-21T21:50:59.263Z] E0721 21:50:59.262365   14330 watch.go:40] Failed to load config from "/home/user/test1/barberweb/dataconnect": could not find dataconnect.yaml in `/home/user/test1/barberweb/dataconnect`
 {"metadata":{"emulator":{"name":"dataconnect"},"message":"E0721 21:50:59.262365   14330 watch.go:40] Failed to load config from \"/home/user/test1/barberweb/dataconnect\": could not find dataconnect.yaml in `/home/user/test1/barberweb/dataconnect`\n"}}
[debug] [2026-07-21T21:51:09.262Z] E0721 21:51:09.262344   14330 watch.go:40] Failed to load config from "/home/user/test1/barberweb/dataconnect": could not find dataconnect.yaml in `/home/user/test1/barberweb/dataconnect`
 {"metadata":{"emulator":{"name":"dataconnect"},"message":"E0721 21:51:09.262344   14330 watch.go:40] Failed to load config from \"/home/user/test1/barberweb/dataconnect\": could not find dataconnect.yaml in `/home/user/test1/barberweb/dataconnect`\n"}}
[debug] [2026-07-21T21:51:19.270Z] E0721 21:51:19.270380   14330 watch.go:40] Failed to load config from "/home/user/test1/barberweb/dataconnect": could not find dataconnect.yaml in `/home/user/test1/barberweb/dataconnect`
 {"metadata":{"emulator":{"name":"dataconnect"},"message":"E0721 21:51:19.270380   14330 watch.go:40] Failed to load config from \"/home/user/test1/barberweb/dataconnect\": could not find dataconnect.yaml in `/home/user/test1/barberweb/dataconnect`\n"}}
[debug] [2026-07-21T21:51:29.271Z] E0721 21:51:29.271469   14330 watch.go:40] Failed to load config from "/home/user/test1/barberweb/dataconnect": could not find dataconnect.yaml in `/home/user/test1/barberweb/dataconnect`
 {"metadata":{"emulator":{"name":"dataconnect"},"message":"E0721 21:51:29.271469   14330 watch.go:40] Failed to load config from \"/home/user/test1/barberweb/dataconnect\": could not find dataconnect.yaml in `/home/user/test1/barberweb/dataconnect`\n"}}
[debug] [2026-07-21T21:51:39.263Z] E0721 21:51:39.262909   14330 watch.go:116] watchAllDir unable to walk dir `/home/user/test1/barberweb/dataconnect`: lstat /home/user/test1/barberweb/dataconnect: no such file or directory
E0721 21:51:39.263040   14330 watch.go:40] Failed to load config from "/home/user/test1/barberweb/dataconnect": could not find dataconnect.yaml in `/home/user/test1/barberweb/dataconnect`
 {"metadata":{"emulator":{"name":"dataconnect"},"message":"E0721 21:51:39.262909   14330 watch.go:116] watchAllDir unable to walk dir `/home/user/test1/barberweb/dataconnect`: lstat /home/user/test1/barberweb/dataconnect: no such file or directory\nE0721 21:51:39.263040   14330 watch.go:40] Failed to load config from \"/home/user/test1/barberweb/dataconnect\": could not find dataconnect.yaml in `/home/user/test1/barberweb/dataconnect`\n"}}
[debug] [2026-07-21T21:51:49.270Z] E0721 21:51:49.270182   14330 watch.go:40] Failed to load config from "/home/user/test1/barberweb/dataconnect": could not find dataconnect.yaml in `/home/user/test1/barberweb/dataconnect`
 {"metadata":{"emulator":{"name":"dataconnect"},"message":"E0721 21:51:49.270182   14330 watch.go:40] Failed to load config from \"/home/user/test1/barberweb/dataconnect\": could not find dataconnect.yaml in `/home/user/test1/barberweb/dataconnect`\n"}}
[debug] [2026-07-21T21:51:59.271Z] E0721 21:51:59.271333   14330 watch.go:40] Failed to load config from "/home/user/test1/barberweb/dataconnect": could not find dataconnect.yaml in `/home/user/test1/barberweb/dataconnect`
 {"metadata":{"emulator":{"name":"dataconnect"},"message":"E0721 21:51:59.271333   14330 watch.go:40] Failed to load config from \"/home/user/test1/barberweb/dataconnect\": could not find dataconnect.yaml in `/home/user/test1/barberweb/dataconnect`\n"}}
[debug] [2026-07-21T21:52:09.262Z] E0721 21:52:09.262656   14330 watch.go:40] Failed to load config from "/home/user/test1/barberweb/dataconnect": could not find dataconnect.yaml in `/home/user/test1/barberweb/dataconnect`
 {"metadata":{"emulator":{"name":"dataconnect"},"message":"E0721 21:52:09.262656   14330 watch.go:40] Failed to load config from \"/home/user/test1/barberweb/dataconnect\": could not find dataconnect.yaml in `/home/user/test1/barberweb/dataconnect`\n"}}
[debug] [2026-07-21T21:52:19.271Z] E0721 21:52:19.271336   14330 watch.go:40] Failed to load config from "/home/user/test1/barberweb/dataconnect": could not find dataconnect.yaml in `/home/user/test1/barberweb/dataconnect`
 {"metadata":{"emulator":{"name":"dataconnect"},"message":"E0721 21:52:19.271336   14330 watch.go:40] Failed to load config from \"/home/user/test1/barberweb/dataconnect\": could not find dataconnect.yaml in `/home/user/test1/barberweb/dataconnect`\n"}}
[debug] [2026-07-21T21:52:29.271Z] E0721 21:52:29.271342   14330 watch.go:40] Failed to load config from "/home/user/test1/barberweb/dataconnect": could not find dataconnect.yaml in `/home/user/test1/barberweb/dataconnect`
 {"metadata":{"emulator":{"name":"dataconnect"},"message":"E0721 21:52:29.271342   14330 watch.go:40] Failed to load config from \"/home/user/test1/barberweb/dataconnect\": could not find dataconnect.yaml in `/home/user/test1/barberweb/dataconnect`\n"}}
[debug] [2026-07-21T21:52:39.262Z] E0721 21:52:39.262500   14330 watch.go:116] watchAllDir unable to walk dir `/home/user/test1/barberweb/dataconnect`: lstat /home/user/test1/barberweb/dataconnect: no such file or directory
E0721 21:52:39.262596   14330 watch.go:40] Failed to load config from "/home/user/test1/barberweb/dataconnect": could not find dataconnect.yaml in `/home/user/test1/barberweb/dataconnect`
 {"metadata":{"emulator":{"name":"dataconnect"},"message":"E0721 21:52:39.262500   14330 watch.go:116] watchAllDir unable to walk dir `/home/user/test1/barberweb/dataconnect`: lstat /home/user/test1/barberweb/dataconnect: no such file or directory\nE0721 21:52:39.262596   14330 watch.go:40] Failed to load config from \"/home/user/test1/barberweb/dataconnect\": could not find dataconnect.yaml in `/home/user/test1/barberweb/dataconnect`\n"}}
[debug] [2026-07-21T21:52:49.271Z] E0721 21:52:49.271367   14330 watch.go:40] Failed to load config from "/home/user/test1/barberweb/dataconnect": could not find dataconnect.yaml in `/home/user/test1/barberweb/dataconnect`
 {"metadata":{"emulator":{"name":"dataconnect"},"message":"E0721 21:52:49.271367   14330 watch.go:40] Failed to load config from \"/home/user/test1/barberweb/dataconnect\": could not find dataconnect.yaml in `/home/user/test1/barberweb/dataconnect`\n"}}
[debug] [2026-07-21T21:52:59.271Z] E0721 21:52:59.271376   14330 watch.go:40] Failed to load config from "/home/user/test1/barberweb/dataconnect": could not find dataconnect.yaml in `/home/user/test1/barberweb/dataconnect`
 {"metadata":{"emulator":{"name":"dataconnect"},"message":"E0721 21:52:59.271376   14330 watch.go:40] Failed to load config from \"/home/user/test1/barberweb/dataconnect\": could not find dataconnect.yaml in `/home/user/test1/barberweb/dataconnect`\n"}}
[debug] [2026-07-21T21:53:09.262Z] E0721 21:53:09.262290   14330 watch.go:40] Failed to load config from "/home/user/test1/barberweb/dataconnect": could not find dataconnect.yaml in `/home/user/test1/barberweb/dataconnect`
 {"metadata":{"emulator":{"name":"dataconnect"},"message":"E0721 21:53:09.262290   14330 watch.go:40] Failed to load config from \"/home/user/test1/barberweb/dataconnect\": could not find dataconnect.yaml in `/home/user/test1/barberweb/dataconnect`\n"}}
[debug] [2026-07-21T21:53:19.271Z] E0721 21:53:19.271713   14330 watch.go:40] Failed to load config from "/home/user/test1/barberweb/dataconnect": could not find dataconnect.yaml in `/home/user/test1/barberweb/dataconnect`
 {"metadata":{"emulator":{"name":"dataconnect"},"message":"E0721 21:53:19.271713   14330 watch.go:40] Failed to load config from \"/home/user/test1/barberweb/dataconnect\": could not find dataconnect.yaml in `/home/user/test1/barberweb/dataconnect`\n"}}
[debug] [2026-07-21T21:53:29.271Z] E0721 21:53:29.271343   14330 watch.go:40] Failed to load config from "/home/user/test1/barberweb/dataconnect": could not find dataconnect.yaml in `/home/user/test1/barberweb/dataconnect`
 {"metadata":{"emulator":{"name":"dataconnect"},"message":"E0721 21:53:29.271343   14330 watch.go:40] Failed to load config from \"/home/user/test1/barberweb/dataconnect\": could not find dataconnect.yaml in `/home/user/test1/barberweb/dataconnect`\n"}}
[debug] [2026-07-21T21:53:39.262Z] E0721 21:53:39.262607   14330 watch.go:116] watchAllDir unable to walk dir `/home/user/test1/barberweb/dataconnect`: lstat /home/user/test1/barberweb/dataconnect: no such file or directory
E0721 21:53:39.262745   14330 watch.go:40] Failed to load config from "/home/user/test1/barberweb/dataconnect": could not find dataconnect.yaml in `/home/user/test1/barberweb/dataconnect`
 {"metadata":{"emulator":{"name":"dataconnect"},"message":"E0721 21:53:39.262607   14330 watch.go:116] watchAllDir unable to walk dir `/home/user/test1/barberweb/dataconnect`: lstat /home/user/test1/barberweb/dataconnect: no such file or directory\nE0721 21:53:39.262745   14330 watch.go:40] Failed to load config from \"/home/user/test1/barberweb/dataconnect\": could not find dataconnect.yaml in `/home/user/test1/barberweb/dataconnect`\n"}}
[debug] [2026-07-21T21:53:49.272Z] E0721 21:53:49.271870   14330 watch.go:40] Failed to load config from "/home/user/test1/barberweb/dataconnect": could not find dataconnect.yaml in `/home/user/test1/barberweb/dataconnect`
 {"metadata":{"emulator":{"name":"dataconnect"},"message":"E0721 21:53:49.271870   14330 watch.go:40] Failed to load config from \"/home/user/test1/barberweb/dataconnect\": could not find dataconnect.yaml in `/home/user/test1/barberweb/dataconnect`\n"}}
[debug] [2026-07-21T21:53:59.262Z] E0721 21:53:59.262300   14330 watch.go:40] Failed to load config from "/home/user/test1/barberweb/dataconnect": could not find dataconnect.yaml in `/home/user/test1/barberweb/dataconnect`
 {"metadata":{"emulator":{"name":"dataconnect"},"message":"E0721 21:53:59.262300   14330 watch.go:40] Failed to load config from \"/home/user/test1/barberweb/dataconnect\": could not find dataconnect.yaml in `/home/user/test1/barberweb/dataconnect`\n"}}
[debug] [2026-07-21T21:54:09.263Z] E0721 21:54:09.262664   14330 watch.go:40] Failed to load config from "/home/user/test1/barberweb/dataconnect": could not find dataconnect.yaml in `/home/user/test1/barberweb/dataconnect`
 {"metadata":{"emulator":{"name":"dataconnect"},"message":"E0721 21:54:09.262664   14330 watch.go:40] Failed to load config from \"/home/user/test1/barberweb/dataconnect\": could not find dataconnect.yaml in `/home/user/test1/barberweb/dataconnect`\n"}}
[debug] [2026-07-21T21:54:19.272Z] E0721 21:54:19.271746   14330 watch.go:40] Failed to load config from "/home/user/test1/barberweb/dataconnect": could not find dataconnect.yaml in `/home/user/test1/barberweb/dataconnect`
 {"metadata":{"emulator":{"name":"dataconnect"},"message":"E0721 21:54:19.271746   14330 watch.go:40] Failed to load config from \"/home/user/test1/barberweb/dataconnect\": could not find dataconnect.yaml in `/home/user/test1/barberweb/dataconnect`\n"}}
[debug] [2026-07-21T21:54:29.272Z] E0721 21:54:29.271850   14330 watch.go:40] Failed to load config from "/home/user/test1/barberweb/dataconnect": could not find dataconnect.yaml in `/home/user/test1/barberweb/dataconnect`
 {"metadata":{"emulator":{"name":"dataconnect"},"message":"E0721 21:54:29.271850   14330 watch.go:40] Failed to load config from \"/home/user/test1/barberweb/dataconnect\": could not find dataconnect.yaml in `/home/user/test1/barberweb/dataconnect`\n"}}
[debug] [2026-07-21T21:54:39.262Z] E0721 21:54:39.262610   14330 watch.go:116] watchAllDir unable to walk dir `/home/user/test1/barberweb/dataconnect`: lstat /home/user/test1/barberweb/dataconnect: no such file or directory
E0721 21:54:39.262689   14330 watch.go:40] Failed to load config from "/home/user/test1/barberweb/dataconnect": could not find dataconnect.yaml in `/home/user/test1/barberweb/dataconnect`
 {"metadata":{"emulator":{"name":"dataconnect"},"message":"E0721 21:54:39.262610   14330 watch.go:116] watchAllDir unable to walk dir `/home/user/test1/barberweb/dataconnect`: lstat /home/user/test1/barberweb/dataconnect: no such file or directory\nE0721 21:54:39.262689   14330 watch.go:40] Failed to load config from \"/home/user/test1/barberweb/dataconnect\": could not find dataconnect.yaml in `/home/user/test1/barberweb/dataconnect`\n"}}
[debug] [2026-07-21T21:54:49.272Z] E0721 21:54:49.271830   14330 watch.go:40] Failed to load config from "/home/user/test1/barberweb/dataconnect": could not find dataconnect.yaml in `/home/user/test1/barberweb/dataconnect`
 {"metadata":{"emulator":{"name":"dataconnect"},"message":"E0721 21:54:49.271830   14330 watch.go:40] Failed to load config from \"/home/user/test1/barberweb/dataconnect\": could not find dataconnect.yaml in `/home/user/test1/barberweb/dataconnect`\n"}}
[debug] [2026-07-21T21:54:59.265Z] E0721 21:54:59.264707   14330 watch.go:40] Failed to load config from "/home/user/test1/barberweb/dataconnect": could not find dataconnect.yaml in `/home/user/test1/barberweb/dataconnect`
 {"metadata":{"emulator":{"name":"dataconnect"},"message":"E0721 21:54:59.264707   14330 watch.go:40] Failed to load config from \"/home/user/test1/barberweb/dataconnect\": could not find dataconnect.yaml in `/home/user/test1/barberweb/dataconnect`\n"}}
[debug] [2026-07-21T21:55:09.263Z] E0721 21:55:09.262840   14330 watch.go:40] Failed to load config from "/home/user/test1/barberweb/dataconnect": could not find dataconnect.yaml in `/home/user/test1/barberweb/dataconnect`
 {"metadata":{"emulator":{"name":"dataconnect"},"message":"E0721 21:55:09.262840   14330 watch.go:40] Failed to load config from \"/home/user/test1/barberweb/dataconnect\": could not find dataconnect.yaml in `/home/user/test1/barberweb/dataconnect`\n"}}
[debug] [2026-07-21T21:55:19.262Z] E0721 21:55:19.262434   14330 watch.go:40] Failed to load config from "/home/user/test1/barberweb/dataconnect": could not find dataconnect.yaml in `/home/user/test1/barberweb/dataconnect`
 {"metadata":{"emulator":{"name":"dataconnect"},"message":"E0721 21:55:19.262434   14330 watch.go:40] Failed to load config from \"/home/user/test1/barberweb/dataconnect\": could not find dataconnect.yaml in `/home/user/test1/barberweb/dataconnect`\n"}}
[debug] [2026-07-21T21:55:29.271Z] E0721 21:55:29.271427   14330 watch.go:40] Failed to load config from "/home/user/test1/barberweb/dataconnect": could not find dataconnect.yaml in `/home/user/test1/barberweb/dataconnect`
 {"metadata":{"emulator":{"name":"dataconnect"},"message":"E0721 21:55:29.271427   14330 watch.go:40] Failed to load config from \"/home/user/test1/barberweb/dataconnect\": could not find dataconnect.yaml in `/home/user/test1/barberweb/dataconnect`\n"}}
[debug] [2026-07-21T21:55:39.262Z] E0721 21:55:39.262571   14330 watch.go:116] watchAllDir unable to walk dir `/home/user/test1/barberweb/dataconnect`: lstat /home/user/test1/barberweb/dataconnect: no such file or directory
E0721 21:55:39.262751   14330 watch.go:40] Failed to load config from "/home/user/test1/barberweb/dataconnect": could not find dataconnect.yaml in `/home/user/test1/barberweb/dataconnect`
 {"metadata":{"emulator":{"name":"dataconnect"},"message":"E0721 21:55:39.262571   14330 watch.go:116] watchAllDir unable to walk dir `/home/user/test1/barberweb/dataconnect`: lstat /home/user/test1/barberweb/dataconnect: no such file or directory\nE0721 21:55:39.262751   14330 watch.go:40] Failed to load config from \"/home/user/test1/barberweb/dataconnect\": could not find dataconnect.yaml in `/home/user/test1/barberweb/dataconnect`\n"}}
[debug] [2026-07-21T21:55:49.272Z] E0721 21:55:49.271875   14330 watch.go:40] Failed to load config from "/home/user/test1/barberweb/dataconnect": could not find dataconnect.yaml in `/home/user/test1/barberweb/dataconnect`
 {"metadata":{"emulator":{"name":"dataconnect"},"message":"E0721 21:55:49.271875   14330 watch.go:40] Failed to load config from \"/home/user/test1/barberweb/dataconnect\": could not find dataconnect.yaml in `/home/user/test1/barberweb/dataconnect`\n"}}
[debug] [2026-07-21T21:55:59.272Z] E0721 21:55:59.271971   14330 watch.go:40] Failed to load config from "/home/user/test1/barberweb/dataconnect": could not find dataconnect.yaml in `/home/user/test1/barberweb/dataconnect`
 {"metadata":{"emulator":{"name":"dataconnect"},"message":"E0721 21:55:59.271971   14330 watch.go:40] Failed to load config from \"/home/user/test1/barberweb/dataconnect\": could not find dataconnect.yaml in `/home/user/test1/barberweb/dataconnect`\n"}}
[debug] [2026-07-21T21:56:09.263Z] E0721 21:56:09.263186   14330 watch.go:40] Failed to load config from "/home/user/test1/barberweb/dataconnect": could not find dataconnect.yaml in `/home/user/test1/barberweb/dataconnect`
 {"metadata":{"emulator":{"name":"dataconnect"},"message":"E0721 21:56:09.263186   14330 watch.go:40] Failed to load config from \"/home/user/test1/barberweb/dataconnect\": could not find dataconnect.yaml in `/home/user/test1/barberweb/dataconnect`\n"}}
[debug] [2026-07-21T21:56:19.270Z] E0721 21:56:19.270339   14330 watch.go:40] Failed to load config from "/home/user/test1/barberweb/dataconnect": could not find dataconnect.yaml in `/home/user/test1/barberweb/dataconnect`
 {"metadata":{"emulator":{"name":"dataconnect"},"message":"E0721 21:56:19.270339   14330 watch.go:40] Failed to load config from \"/home/user/test1/barberweb/dataconnect\": could not find dataconnect.yaml in `/home/user/test1/barberweb/dataconnect`\n"}}
[debug] [2026-07-21T21:56:29.271Z] E0721 21:56:29.271463   14330 watch.go:40] Failed to load config from "/home/user/test1/barberweb/dataconnect": could not find dataconnect.yaml in `/home/user/test1/barberweb/dataconnect`
 {"metadata":{"emulator":{"name":"dataconnect"},"message":"E0721 21:56:29.271463   14330 watch.go:40] Failed to load config from \"/home/user/test1/barberweb/dataconnect\": could not find dataconnect.yaml in `/home/user/test1/barberweb/dataconnect`\n"}}
[debug] [2026-07-21T21:56:39.262Z] E0721 21:56:39.262714   14330 watch.go:116] watchAllDir unable to walk dir `/home/user/test1/barberweb/dataconnect`: lstat /home/user/test1/barberweb/dataconnect: no such file or directory
E0721 21:56:39.262807   14330 watch.go:40] Failed to load config from "/home/user/test1/barberweb/dataconnect": could not find dataconnect.yaml in `/home/user/test1/barberweb/dataconnect`
 {"metadata":{"emulator":{"name":"dataconnect"},"message":"E0721 21:56:39.262714   14330 watch.go:116] watchAllDir unable to walk dir `/home/user/test1/barberweb/dataconnect`: lstat /home/user/test1/barberweb/dataconnect: no such file or directory\nE0721 21:56:39.262807   14330 watch.go:40] Failed to load config from \"/home/user/test1/barberweb/dataconnect\": could not find dataconnect.yaml in `/home/user/test1/barberweb/dataconnect`\n"}}
[debug] [2026-07-21T21:56:49.271Z] E0721 21:56:49.271332   14330 watch.go:40] Failed to load config from "/home/user/test1/barberweb/dataconnect": could not find dataconnect.yaml in `/home/user/test1/barberweb/dataconnect`
 {"metadata":{"emulator":{"name":"dataconnect"},"message":"E0721 21:56:49.271332   14330 watch.go:40] Failed to load config from \"/home/user/test1/barberweb/dataconnect\": could not find dataconnect.yaml in `/home/user/test1/barberweb/dataconnect`\n"}}
[debug] [2026-07-21T21:56:59.271Z] E0721 21:56:59.271365   14330 watch.go:40] Failed to load config from "/home/user/test1/barberweb/dataconnect": could not find dataconnect.yaml in `/home/user/test1/barberweb/dataconnect`
 {"metadata":{"emulator":{"name":"dataconnect"},"message":"E0721 21:56:59.271365   14330 watch.go:40] Failed to load config from \"/home/user/test1/barberweb/dataconnect\": could not find dataconnect.yaml in `/home/user/test1/barberweb/dataconnect`\n"}}
[debug] [2026-07-21T21:57:09.263Z] E0721 21:57:09.262853   14330 watch.go:40] Failed to load config from "/home/user/test1/barberweb/dataconnect": could not find dataconnect.yaml in `/home/user/test1/barberweb/dataconnect`
 {"metadata":{"emulator":{"name":"dataconnect"},"message":"E0721 21:57:09.262853   14330 watch.go:40] Failed to load config from \"/home/user/test1/barberweb/dataconnect\": could not find dataconnect.yaml in `/home/user/test1/barberweb/dataconnect`\n"}}
[debug] [2026-07-21T21:57:19.263Z] E0721 21:57:19.263233   14330 watch.go:40] Failed to load config from "/home/user/test1/barberweb/dataconnect": could not find dataconnect.yaml in `/home/user/test1/barberweb/dataconnect`
 {"metadata":{"emulator":{"name":"dataconnect"},"message":"E0721 21:57:19.263233   14330 watch.go:40] Failed to load config from \"/home/user/test1/barberweb/dataconnect\": could not find dataconnect.yaml in `/home/user/test1/barberweb/dataconnect`\n"}}
[debug] [2026-07-21T21:57:29.262Z] E0721 21:57:29.262424   14330 watch.go:40] Failed to load config from "/home/user/test1/barberweb/dataconnect": could not find dataconnect.yaml in `/home/user/test1/barberweb/dataconnect`
 {"metadata":{"emulator":{"name":"dataconnect"},"message":"E0721 21:57:29.262424   14330 watch.go:40] Failed to load config from \"/home/user/test1/barberweb/dataconnect\": could not find dataconnect.yaml in `/home/user/test1/barberweb/dataconnect`\n"}}
[debug] [2026-07-21T21:57:39.263Z] E0721 21:57:39.262949   14330 watch.go:116] watchAllDir unable to walk dir `/home/user/test1/barberweb/dataconnect`: lstat /home/user/test1/barberweb/dataconnect: no such file or directory
E0721 21:57:39.263086   14330 watch.go:40] Failed to load config from "/home/user/test1/barberweb/dataconnect": could not find dataconnect.yaml in `/home/user/test1/barberweb/dataconnect`
 {"metadata":{"emulator":{"name":"dataconnect"},"message":"E0721 21:57:39.262949   14330 watch.go:116] watchAllDir unable to walk dir `/home/user/test1/barberweb/dataconnect`: lstat /home/user/test1/barberweb/dataconnect: no such file or directory\nE0721 21:57:39.263086   14330 watch.go:40] Failed to load config from \"/home/user/test1/barberweb/dataconnect\": could not find dataconnect.yaml in `/home/user/test1/barberweb/dataconnect`\n"}}
[debug] [2026-07-21T21:57:49.272Z] E0721 21:57:49.272164   14330 watch.go:40] Failed to load config from "/home/user/test1/barberweb/dataconnect": could not find dataconnect.yaml in `/home/user/test1/barberweb/dataconnect`
 {"metadata":{"emulator":{"name":"dataconnect"},"message":"E0721 21:57:49.272164   14330 watch.go:40] Failed to load config from \"/home/user/test1/barberweb/dataconnect\": could not find dataconnect.yaml in `/home/user/test1/barberweb/dataconnect`\n"}}
[debug] [2026-07-21T21:57:59.270Z] E0721 21:57:59.270337   14330 watch.go:40] Failed to load config from "/home/user/test1/barberweb/dataconnect": could not find dataconnect.yaml in `/home/user/test1/barberweb/dataconnect`
 {"metadata":{"emulator":{"name":"dataconnect"},"message":"E0721 21:57:59.270337   14330 watch.go:40] Failed to load config from \"/home/user/test1/barberweb/dataconnect\": could not find dataconnect.yaml in `/home/user/test1/barberweb/dataconnect`\n"}}
[debug] [2026-07-21T21:58:09.263Z] E0721 21:58:09.263214   14330 watch.go:40] Failed to load config from "/home/user/test1/barberweb/dataconnect": could not find dataconnect.yaml in `/home/user/test1/barberweb/dataconnect`
 {"metadata":{"emulator":{"name":"dataconnect"},"message":"E0721 21:58:09.263214   14330 watch.go:40] Failed to load config from \"/home/user/test1/barberweb/dataconnect\": could not find dataconnect.yaml in `/home/user/test1/barberweb/dataconnect`\n"}}
[debug] [2026-07-21T21:58:19.271Z] E0721 21:58:19.271331   14330 watch.go:40] Failed to load config from "/home/user/test1/barberweb/dataconnect": could not find dataconnect.yaml in `/home/user/test1/barberweb/dataconnect`
 {"metadata":{"emulator":{"name":"dataconnect"},"message":"E0721 21:58:19.271331   14330 watch.go:40] Failed to load config from \"/home/user/test1/barberweb/dataconnect\": could not find dataconnect.yaml in `/home/user/test1/barberweb/dataconnect`\n"}}
[debug] [2026-07-21T21:58:29.271Z] E0721 21:58:29.271332   14330 watch.go:40] Failed to load config from "/home/user/test1/barberweb/dataconnect": could not find dataconnect.yaml in `/home/user/test1/barberweb/dataconnect`
 {"metadata":{"emulator":{"name":"dataconnect"},"message":"E0721 21:58:29.271332   14330 watch.go:40] Failed to load config from \"/home/user/test1/barberweb/dataconnect\": could not find dataconnect.yaml in `/home/user/test1/barberweb/dataconnect`\n"}}
[debug] [2026-07-21T21:58:39.262Z] E0721 21:58:39.262626   14330 watch.go:116] watchAllDir unable to walk dir `/home/user/test1/barberweb/dataconnect`: lstat /home/user/test1/barberweb/dataconnect: no such file or directory
E0721 21:58:39.262706   14330 watch.go:40] Failed to load config from "/home/user/test1/barberweb/dataconnect": could not find dataconnect.yaml in `/home/user/test1/barberweb/dataconnect`
 {"metadata":{"emulator":{"name":"dataconnect"},"message":"E0721 21:58:39.262626   14330 watch.go:116] watchAllDir unable to walk dir `/home/user/test1/barberweb/dataconnect`: lstat /home/user/test1/barberweb/dataconnect: no such file or directory\nE0721 21:58:39.262706   14330 watch.go:40] Failed to load config from \"/home/user/test1/barberweb/dataconnect\": could not find dataconnect.yaml in `/home/user/test1/barberweb/dataconnect`\n"}}
[debug] [2026-07-21T21:58:49.271Z] E0721 21:58:49.271325   14330 watch.go:40] Failed to load config from "/home/user/test1/barberweb/dataconnect": could not find dataconnect.yaml in `/home/user/test1/barberweb/dataconnect`
 {"metadata":{"emulator":{"name":"dataconnect"},"message":"E0721 21:58:49.271325   14330 watch.go:40] Failed to load config from \"/home/user/test1/barberweb/dataconnect\": could not find dataconnect.yaml in `/home/user/test1/barberweb/dataconnect`\n"}}
[debug] [2026-07-21T21:58:59.271Z] E0721 21:58:59.271338   14330 watch.go:40] Failed to load config from "/home/user/test1/barberweb/dataconnect": could not find dataconnect.yaml in `/home/user/test1/barberweb/dataconnect`
 {"metadata":{"emulator":{"name":"dataconnect"},"message":"E0721 21:58:59.271338   14330 watch.go:40] Failed to load config from \"/home/user/test1/barberweb/dataconnect\": could not find dataconnect.yaml in `/home/user/test1/barberweb/dataconnect`\n"}}
[debug] [2026-07-21T21:59:09.263Z] E0721 21:59:09.262999   14330 watch.go:40] Failed to load config from "/home/user/test1/barberweb/dataconnect": could not find dataconnect.yaml in `/home/user/test1/barberweb/dataconnect`
 {"metadata":{"emulator":{"name":"dataconnect"},"message":"E0721 21:59:09.262999   14330 watch.go:40] Failed to load config from \"/home/user/test1/barberweb/dataconnect\": could not find dataconnect.yaml in `/home/user/test1/barberweb/dataconnect`\n"}}
[debug] [2026-07-21T21:59:19.272Z] E0721 21:59:19.272149   14330 watch.go:40] Failed to load config from "/home/user/test1/barberweb/dataconnect": could not find dataconnect.yaml in `/home/user/test1/barberweb/dataconnect`
 {"metadata":{"emulator":{"name":"dataconnect"},"message":"E0721 21:59:19.272149   14330 watch.go:40] Failed to load config from \"/home/user/test1/barberweb/dataconnect\": could not find dataconnect.yaml in `/home/user/test1/barberweb/dataconnect`\n"}}
[debug] [2026-07-21T21:59:29.263Z] E0721 21:59:29.262834   14330 watch.go:40] Failed to load config from "/home/user/test1/barberweb/dataconnect": could not find dataconnect.yaml in `/home/user/test1/barberweb/dataconnect`
 {"metadata":{"emulator":{"name":"dataconnect"},"message":"E0721 21:59:29.262834   14330 watch.go:40] Failed to load config from \"/home/user/test1/barberweb/dataconnect\": could not find dataconnect.yaml in `/home/user/test1/barberweb/dataconnect`\n"}}
[debug] [2026-07-21T21:59:39.263Z] E0721 21:59:39.263164   14330 watch.go:116] watchAllDir unable to walk dir `/home/user/test1/barberweb/dataconnect`: lstat /home/user/test1/barberweb/dataconnect: no such file or directory
E0721 21:59:39.263294   14330 watch.go:40] Failed to load config from "/home/user/test1/barberweb/dataconnect": could not find dataconnect.yaml in `/home/user/test1/barberweb/dataconnect`
 {"metadata":{"emulator":{"name":"dataconnect"},"message":"E0721 21:59:39.263164   14330 watch.go:116] watchAllDir unable to walk dir `/home/user/test1/barberweb/dataconnect`: lstat /home/user/test1/barberweb/dataconnect: no such file or directory\nE0721 21:59:39.263294   14330 watch.go:40] Failed to load config from \"/home/user/test1/barberweb/dataconnect\": could not find dataconnect.yaml in `/home/user/test1/barberweb/dataconnect`\n"}}
[debug] [2026-07-21T21:59:49.271Z] E0721 21:59:49.271411   14330 watch.go:40] Failed to load config from "/home/user/test1/barberweb/dataconnect": could not find dataconnect.yaml in `/home/user/test1/barberweb/dataconnect`
 {"metadata":{"emulator":{"name":"dataconnect"},"message":"E0721 21:59:49.271411   14330 watch.go:40] Failed to load config from \"/home/user/test1/barberweb/dataconnect\": could not find dataconnect.yaml in `/home/user/test1/barberweb/dataconnect`\n"}}
[debug] [2026-07-21T21:59:59.269Z] E0721 21:59:59.269153   14330 watch.go:40] Failed to load config from "/home/user/test1/barberweb/dataconnect": could not find dataconnect.yaml in `/home/user/test1/barberweb/dataconnect`
 {"metadata":{"emulator":{"name":"dataconnect"},"message":"E0721 21:59:59.269153   14330 watch.go:40] Failed to load config from \"/home/user/test1/barberweb/dataconnect\": could not find dataconnect.yaml in `/home/user/test1/barberweb/dataconnect`\n"}}
[debug] [2026-07-21T22:00:09.263Z] E0721 22:00:09.262765   14330 watch.go:40] Failed to load config from "/home/user/test1/barberweb/dataconnect": could not find dataconnect.yaml in `/home/user/test1/barberweb/dataconnect`
 {"metadata":{"emulator":{"name":"dataconnect"},"message":"E0721 22:00:09.262765   14330 watch.go:40] Failed to load config from \"/home/user/test1/barberweb/dataconnect\": could not find dataconnect.yaml in `/home/user/test1/barberweb/dataconnect`\n"}}
[debug] [2026-07-21T22:00:19.271Z] E0721 22:00:19.271345   14330 watch.go:40] Failed to load config from "/home/user/test1/barberweb/dataconnect": could not find dataconnect.yaml in `/home/user/test1/barberweb/dataconnect`
 {"metadata":{"emulator":{"name":"dataconnect"},"message":"E0721 22:00:19.271345   14330 watch.go:40] Failed to load config from \"/home/user/test1/barberweb/dataconnect\": could not find dataconnect.yaml in `/home/user/test1/barberweb/dataconnect`\n"}}
[debug] [2026-07-21T22:00:29.271Z] E0721 22:00:29.271452   14330 watch.go:40] Failed to load config from "/home/user/test1/barberweb/dataconnect": could not find dataconnect.yaml in `/home/user/test1/barberweb/dataconnect`
 {"metadata":{"emulator":{"name":"dataconnect"},"message":"E0721 22:00:29.271452   14330 watch.go:40] Failed to load config from \"/home/user/test1/barberweb/dataconnect\": could not find dataconnect.yaml in `/home/user/test1/barberweb/dataconnect`\n"}}
[debug] [2026-07-21T22:00:39.262Z] E0721 22:00:39.262626   14330 watch.go:116] watchAllDir unable to walk dir `/home/user/test1/barberweb/dataconnect`: lstat /home/user/test1/barberweb/dataconnect: no such file or directory
E0721 22:00:39.262717   14330 watch.go:40] Failed to load config from "/home/user/test1/barberweb/dataconnect": could not find dataconnect.yaml in `/home/user/test1/barberweb/dataconnect`
 {"metadata":{"emulator":{"name":"dataconnect"},"message":"E0721 22:00:39.262626   14330 watch.go:116] watchAllDir unable to walk dir `/home/user/test1/barberweb/dataconnect`: lstat /home/user/test1/barberweb/dataconnect: no such file or directory\nE0721 22:00:39.262717   14330 watch.go:40] Failed to load config from \"/home/user/test1/barberweb/dataconnect\": could not find dataconnect.yaml in `/home/user/test1/barberweb/dataconnect`\n"}}
[debug] [2026-07-21T22:00:49.271Z] E0721 22:00:49.271314   14330 watch.go:40] Failed to load config from "/home/user/test1/barberweb/dataconnect": could not find dataconnect.yaml in `/home/user/test1/barberweb/dataconnect`
 {"metadata":{"emulator":{"name":"dataconnect"},"message":"E0721 22:00:49.271314   14330 watch.go:40] Failed to load config from \"/home/user/test1/barberweb/dataconnect\": could not find dataconnect.yaml in `/home/user/test1/barberweb/dataconnect`\n"}}
[debug] [2026-07-21T22:00:59.271Z] E0721 22:00:59.271417   14330 watch.go:40] Failed to load config from "/home/user/test1/barberweb/dataconnect": could not find dataconnect.yaml in `/home/user/test1/barberweb/dataconnect`
 {"metadata":{"emulator":{"name":"dataconnect"},"message":"E0721 22:00:59.271417   14330 watch.go:40] Failed to load config from \"/home/user/test1/barberweb/dataconnect\": could not find dataconnect.yaml in `/home/user/test1/barberweb/dataconnect`\n"}}
[debug] [2026-07-21T22:01:09.263Z] E0721 22:01:09.262968   14330 watch.go:40] Failed to load config from "/home/user/test1/barberweb/dataconnect": could not find dataconnect.yaml in `/home/user/test1/barberweb/dataconnect`
 {"metadata":{"emulator":{"name":"dataconnect"},"message":"E0721 22:01:09.262968   14330 watch.go:40] Failed to load config from \"/home/user/test1/barberweb/dataconnect\": could not find dataconnect.yaml in `/home/user/test1/barberweb/dataconnect`\n"}}
[debug] [2026-07-21T22:01:19.271Z] E0721 22:01:19.270891   14330 watch.go:40] Failed to load config from "/home/user/test1/barberweb/dataconnect": could not find dataconnect.yaml in `/home/user/test1/barberweb/dataconnect`
 {"metadata":{"emulator":{"name":"dataconnect"},"message":"E0721 22:01:19.270891   14330 watch.go:40] Failed to load config from \"/home/user/test1/barberweb/dataconnect\": could not find dataconnect.yaml in `/home/user/test1/barberweb/dataconnect`\n"}}
[debug] [2026-07-21T22:01:29.271Z] E0721 22:01:29.271376   14330 watch.go:40] Failed to load config from "/home/user/test1/barberweb/dataconnect": could not find dataconnect.yaml in `/home/user/test1/barberweb/dataconnect`
 {"metadata":{"emulator":{"name":"dataconnect"},"message":"E0721 22:01:29.271376   14330 watch.go:40] Failed to load config from \"/home/user/test1/barberweb/dataconnect\": could not find dataconnect.yaml in `/home/user/test1/barberweb/dataconnect`\n"}}
[debug] [2026-07-21T22:01:39.262Z] E0721 22:01:39.262289   14330 watch.go:116] watchAllDir unable to walk dir `/home/user/test1/barberweb/dataconnect`: lstat /home/user/test1/barberweb/dataconnect: no such file or directory
E0721 22:01:39.262430   14330 watch.go:40] Failed to load config from "/home/user/test1/barberweb/dataconnect": could not find dataconnect.yaml in `/home/user/test1/barberweb/dataconnect`
 {"metadata":{"emulator":{"name":"dataconnect"},"message":"E0721 22:01:39.262289   14330 watch.go:116] watchAllDir unable to walk dir `/home/user/test1/barberweb/dataconnect`: lstat /home/user/test1/barberweb/dataconnect: no such file or directory\nE0721 22:01:39.262430   14330 watch.go:40] Failed to load config from \"/home/user/test1/barberweb/dataconnect\": could not find dataconnect.yaml in `/home/user/test1/barberweb/dataconnect`\n"}}
[debug] [2026-07-21T22:01:49.271Z] E0721 22:01:49.271660   14330 watch.go:40] Failed to load config from "/home/user/test1/barberweb/dataconnect": could not find dataconnect.yaml in `/home/user/test1/barberweb/dataconnect`
 {"metadata":{"emulator":{"name":"dataconnect"},"message":"E0721 22:01:49.271660   14330 watch.go:40] Failed to load config from \"/home/user/test1/barberweb/dataconnect\": could not find dataconnect.yaml in `/home/user/test1/barberweb/dataconnect`\n"}}
[debug] [2026-07-21T22:01:59.272Z] E0721 22:01:59.271751   14330 watch.go:40] Failed to load config from "/home/user/test1/barberweb/dataconnect": could not find dataconnect.yaml in `/home/user/test1/barberweb/dataconnect`
 {"metadata":{"emulator":{"name":"dataconnect"},"message":"E0721 22:01:59.271751   14330 watch.go:40] Failed to load config from \"/home/user/test1/barberweb/dataconnect\": could not find dataconnect.yaml in `/home/user/test1/barberweb/dataconnect`\n"}}
[debug] [2026-07-21T22:02:09.262Z] E0721 22:02:09.262638   14330 watch.go:40] Failed to load config from "/home/user/test1/barberweb/dataconnect": could not find dataconnect.yaml in `/home/user/test1/barberweb/dataconnect`
 {"metadata":{"emulator":{"name":"dataconnect"},"message":"E0721 22:02:09.262638   14330 watch.go:40] Failed to load config from \"/home/user/test1/barberweb/dataconnect\": could not find dataconnect.yaml in `/home/user/test1/barberweb/dataconnect`\n"}}
[debug] [2026-07-21T22:02:19.271Z] E0721 22:02:19.270884   14330 watch.go:40] Failed to load config from "/home/user/test1/barberweb/dataconnect": could not find dataconnect.yaml in `/home/user/test1/barberweb/dataconnect`
 {"metadata":{"emulator":{"name":"dataconnect"},"message":"E0721 22:02:19.270884   14330 watch.go:40] Failed to load config from \"/home/user/test1/barberweb/dataconnect\": could not find dataconnect.yaml in `/home/user/test1/barberweb/dataconnect`\n"}}
[debug] [2026-07-21T22:02:29.272Z] E0721 22:02:29.272019   14330 watch.go:40] Failed to load config from "/home/user/test1/barberweb/dataconnect": could not find dataconnect.yaml in `/home/user/test1/barberweb/dataconnect`
 {"metadata":{"emulator":{"name":"dataconnect"},"message":"E0721 22:02:29.272019   14330 watch.go:40] Failed to load config from \"/home/user/test1/barberweb/dataconnect\": could not find dataconnect.yaml in `/home/user/test1/barberweb/dataconnect`\n"}}
[debug] [2026-07-21T22:02:39.263Z] E0721 22:02:39.262964   14330 watch.go:116] watchAllDir unable to walk dir `/home/user/test1/barberweb/dataconnect`: lstat /home/user/test1/barberweb/dataconnect: no such file or directory
E0721 22:02:39.263052   14330 watch.go:40] Failed to load config from "/home/user/test1/barberweb/dataconnect": could not find dataconnect.yaml in `/home/user/test1/barberweb/dataconnect`
 {"metadata":{"emulator":{"name":"dataconnect"},"message":"E0721 22:02:39.262964   14330 watch.go:116] watchAllDir unable to walk dir `/home/user/test1/barberweb/dataconnect`: lstat /home/user/test1/barberweb/dataconnect: no such file or directory\nE0721 22:02:39.263052   14330 watch.go:40] Failed to load config from \"/home/user/test1/barberweb/dataconnect\": could not find dataconnect.yaml in `/home/user/test1/barberweb/dataconnect`\n"}}
[debug] [2026-07-21T22:02:49.272Z] E0721 22:02:49.272238   14330 watch.go:40] Failed to load config from "/home/user/test1/barberweb/dataconnect": could not find dataconnect.yaml in `/home/user/test1/barberweb/dataconnect`
 {"metadata":{"emulator":{"name":"dataconnect"},"message":"E0721 22:02:49.272238   14330 watch.go:40] Failed to load config from \"/home/user/test1/barberweb/dataconnect\": could not find dataconnect.yaml in `/home/user/test1/barberweb/dataconnect`\n"}}
[debug] [2026-07-21T22:02:59.271Z] E0721 22:02:59.271369   14330 watch.go:40] Failed to load config from "/home/user/test1/barberweb/dataconnect": could not find dataconnect.yaml in `/home/user/test1/barberweb/dataconnect`
 {"metadata":{"emulator":{"name":"dataconnect"},"message":"E0721 22:02:59.271369   14330 watch.go:40] Failed to load config from \"/home/user/test1/barberweb/dataconnect\": could not find dataconnect.yaml in `/home/user/test1/barberweb/dataconnect`\n"}}
[debug] [2026-07-21T22:03:09.263Z] E0721 22:03:09.263120   14330 watch.go:40] Failed to load config from "/home/user/test1/barberweb/dataconnect": could not find dataconnect.yaml in `/home/user/test1/barberweb/dataconnect`
 {"metadata":{"emulator":{"name":"dataconnect"},"message":"E0721 22:03:09.263120   14330 watch.go:40] Failed to load config from \"/home/user/test1/barberweb/dataconnect\": could not find dataconnect.yaml in `/home/user/test1/barberweb/dataconnect`\n"}}
[debug] [2026-07-21T22:03:19.270Z] E0721 22:03:19.270005   14330 watch.go:40] Failed to load config from "/home/user/test1/barberweb/dataconnect": could not find dataconnect.yaml in `/home/user/test1/barberweb/dataconnect`
 {"metadata":{"emulator":{"name":"dataconnect"},"message":"E0721 22:03:19.270005   14330 watch.go:40] Failed to load config from \"/home/user/test1/barberweb/dataconnect\": could not find dataconnect.yaml in `/home/user/test1/barberweb/dataconnect`\n"}}
[debug] [2026-07-21T22:03:29.264Z] E0721 22:03:29.264552   14330 watch.go:40] Failed to load config from "/home/user/test1/barberweb/dataconnect": could not find dataconnect.yaml in `/home/user/test1/barberweb/dataconnect`
 {"metadata":{"emulator":{"name":"dataconnect"},"message":"E0721 22:03:29.264552   14330 watch.go:40] Failed to load config from \"/home/user/test1/barberweb/dataconnect\": could not find dataconnect.yaml in `/home/user/test1/barberweb/dataconnect`\n"}}
[debug] [2026-07-21T22:03:39.263Z] E0721 22:03:39.262707   14330 watch.go:116] watchAllDir unable to walk dir `/home/user/test1/barberweb/dataconnect`: lstat /home/user/test1/barberweb/dataconnect: no such file or directory
E0721 22:03:39.262865   14330 watch.go:40] Failed to load config from "/home/user/test1/barberweb/dataconnect": could not find dataconnect.yaml in `/home/user/test1/barberweb/dataconnect`
 {"metadata":{"emulator":{"name":"dataconnect"},"message":"E0721 22:03:39.262707   14330 watch.go:116] watchAllDir unable to walk dir `/home/user/test1/barberweb/dataconnect`: lstat /home/user/test1/barberweb/dataconnect: no such file or directory\nE0721 22:03:39.262865   14330 watch.go:40] Failed to load config from \"/home/user/test1/barberweb/dataconnect\": could not find dataconnect.yaml in `/home/user/test1/barberweb/dataconnect`\n"}}
[debug] [2026-07-21T22:03:49.262Z] E0721 22:03:49.262392   14330 watch.go:40] Failed to load config from "/home/user/test1/barberweb/dataconnect": could not find dataconnect.yaml in `/home/user/test1/barberweb/dataconnect`
 {"metadata":{"emulator":{"name":"dataconnect"},"message":"E0721 22:03:49.262392   14330 watch.go:40] Failed to load config from \"/home/user/test1/barberweb/dataconnect\": could not find dataconnect.yaml in `/home/user/test1/barberweb/dataconnect`\n"}}
[debug] [2026-07-21T22:03:59.271Z] E0721 22:03:59.271577   14330 watch.go:40] Failed to load config from "/home/user/test1/barberweb/dataconnect": could not find dataconnect.yaml in `/home/user/test1/barberweb/dataconnect`
 {"metadata":{"emulator":{"name":"dataconnect"},"message":"E0721 22:03:59.271577   14330 watch.go:40] Failed to load config from \"/home/user/test1/barberweb/dataconnect\": could not find dataconnect.yaml in `/home/user/test1/barberweb/dataconnect`\n"}}
[debug] [2026-07-21T22:04:09.262Z] E0721 22:04:09.262428   14330 watch.go:40] Failed to load config from "/home/user/test1/barberweb/dataconnect": could not find dataconnect.yaml in `/home/user/test1/barberweb/dataconnect`
 {"metadata":{"emulator":{"name":"dataconnect"},"message":"E0721 22:04:09.262428   14330 watch.go:40] Failed to load config from \"/home/user/test1/barberweb/dataconnect\": could not find dataconnect.yaml in `/home/user/test1/barberweb/dataconnect`\n"}}
[debug] [2026-07-21T22:04:19.271Z] E0721 22:04:19.271648   14330 watch.go:40] Failed to load config from "/home/user/test1/barberweb/dataconnect": could not find dataconnect.yaml in `/home/user/test1/barberweb/dataconnect`
 {"metadata":{"emulator":{"name":"dataconnect"},"message":"E0721 22:04:19.271648   14330 watch.go:40] Failed to load config from \"/home/user/test1/barberweb/dataconnect\": could not find dataconnect.yaml in `/home/user/test1/barberweb/dataconnect`\n"}}
[debug] [2026-07-21T22:04:29.272Z] E0721 22:04:29.271746   14330 watch.go:40] Failed to load config from "/home/user/test1/barberweb/dataconnect": could not find dataconnect.yaml in `/home/user/test1/barberweb/dataconnect`
 {"metadata":{"emulator":{"name":"dataconnect"},"message":"E0721 22:04:29.271746   14330 watch.go:40] Failed to load config from \"/home/user/test1/barberweb/dataconnect\": could not find dataconnect.yaml in `/home/user/test1/barberweb/dataconnect`\n"}}
[debug] [2026-07-21T22:04:39.263Z] E0721 22:04:39.262940   14330 watch.go:116] watchAllDir unable to walk dir `/home/user/test1/barberweb/dataconnect`: lstat /home/user/test1/barberweb/dataconnect: no such file or directory
E0721 22:04:39.263058   14330 watch.go:40] Failed to load config from "/home/user/test1/barberweb/dataconnect": could not find dataconnect.yaml in `/home/user/test1/barberweb/dataconnect`
 {"metadata":{"emulator":{"name":"dataconnect"},"message":"E0721 22:04:39.262940   14330 watch.go:116] watchAllDir unable to walk dir `/home/user/test1/barberweb/dataconnect`: lstat /home/user/test1/barberweb/dataconnect: no such file or directory\nE0721 22:04:39.263058   14330 watch.go:40] Failed to load config from \"/home/user/test1/barberweb/dataconnect\": could not find dataconnect.yaml in `/home/user/test1/barberweb/dataconnect`\n"}}
[debug] [2026-07-21T22:04:49.270Z] E0721 22:04:49.270075   14330 watch.go:40] Failed to load config from "/home/user/test1/barberweb/dataconnect": could not find dataconnect.yaml in `/home/user/test1/barberweb/dataconnect`
 {"metadata":{"emulator":{"name":"dataconnect"},"message":"E0721 22:04:49.270075   14330 watch.go:40] Failed to load config from \"/home/user/test1/barberweb/dataconnect\": could not find dataconnect.yaml in `/home/user/test1/barberweb/dataconnect`\n"}}
[debug] [2026-07-21T22:04:59.263Z] E0721 22:04:59.262743   14330 watch.go:40] Failed to load config from "/home/user/test1/barberweb/dataconnect": could not find dataconnect.yaml in `/home/user/test1/barberweb/dataconnect`
 {"metadata":{"emulator":{"name":"dataconnect"},"message":"E0721 22:04:59.262743   14330 watch.go:40] Failed to load config from \"/home/user/test1/barberweb/dataconnect\": could not find dataconnect.yaml in `/home/user/test1/barberweb/dataconnect`\n"}}
[debug] [2026-07-21T22:05:09.263Z] E0721 22:05:09.263058   14330 watch.go:40] Failed to load config from "/home/user/test1/barberweb/dataconnect": could not find dataconnect.yaml in `/home/user/test1/barberweb/dataconnect`
 {"metadata":{"emulator":{"name":"dataconnect"},"message":"E0721 22:05:09.263058   14330 watch.go:40] Failed to load config from \"/home/user/test1/barberweb/dataconnect\": could not find dataconnect.yaml in `/home/user/test1/barberweb/dataconnect`\n"}}
[debug] [2026-07-21T22:05:19.272Z] E0721 22:05:19.272155   14330 watch.go:40] Failed to load config from "/home/user/test1/barberweb/dataconnect": could not find dataconnect.yaml in `/home/user/test1/barberweb/dataconnect`
 {"metadata":{"emulator":{"name":"dataconnect"},"message":"E0721 22:05:19.272155   14330 watch.go:40] Failed to load config from \"/home/user/test1/barberweb/dataconnect\": could not find dataconnect.yaml in `/home/user/test1/barberweb/dataconnect`\n"}}
[debug] [2026-07-21T22:05:29.268Z] E0721 22:05:29.268607   14330 watch.go:40] Failed to load config from "/home/user/test1/barberweb/dataconnect": could not find dataconnect.yaml in `/home/user/test1/barberweb/dataconnect`
 {"metadata":{"emulator":{"name":"dataconnect"},"message":"E0721 22:05:29.268607   14330 watch.go:40] Failed to load config from \"/home/user/test1/barberweb/dataconnect\": could not find dataconnect.yaml in `/home/user/test1/barberweb/dataconnect`\n"}}
[debug] [2026-07-21T22:05:39.263Z] E0721 22:05:39.262917   14330 watch.go:116] watchAllDir unable to walk dir `/home/user/test1/barberweb/dataconnect`: lstat /home/user/test1/barberweb/dataconnect: no such file or directory
E0721 22:05:39.262998   14330 watch.go:40] Failed to load config from "/home/user/test1/barberweb/dataconnect": could not find dataconnect.yaml in `/home/user/test1/barberweb/dataconnect`
 {"metadata":{"emulator":{"name":"dataconnect"},"message":"E0721 22:05:39.262917   14330 watch.go:116] watchAllDir unable to walk dir `/home/user/test1/barberweb/dataconnect`: lstat /home/user/test1/barberweb/dataconnect: no such file or directory\nE0721 22:05:39.262998   14330 watch.go:40] Failed to load config from \"/home/user/test1/barberweb/dataconnect\": could not find dataconnect.yaml in `/home/user/test1/barberweb/dataconnect`\n"}}
[debug] [2026-07-21T22:05:49.263Z] E0721 22:05:49.262950   14330 watch.go:40] Failed to load config from "/home/user/test1/barberweb/dataconnect": could not find dataconnect.yaml in `/home/user/test1/barberweb/dataconnect`
 {"metadata":{"emulator":{"name":"dataconnect"},"message":"E0721 22:05:49.262950   14330 watch.go:40] Failed to load config from \"/home/user/test1/barberweb/dataconnect\": could not find dataconnect.yaml in `/home/user/test1/barberweb/dataconnect`\n"}}
[debug] [2026-07-21T22:05:59.262Z] E0721 22:05:59.262329   14330 watch.go:40] Failed to load config from "/home/user/test1/barberweb/dataconnect": could not find dataconnect.yaml in `/home/user/test1/barberweb/dataconnect`
 {"metadata":{"emulator":{"name":"dataconnect"},"message":"E0721 22:05:59.262329   14330 watch.go:40] Failed to load config from \"/home/user/test1/barberweb/dataconnect\": could not find dataconnect.yaml in `/home/user/test1/barberweb/dataconnect`\n"}}
[debug] [2026-07-21T22:06:09.263Z] E0721 22:06:09.262747   14330 watch.go:40] Failed to load config from "/home/user/test1/barberweb/dataconnect": could not find dataconnect.yaml in `/home/user/test1/barberweb/dataconnect`
 {"metadata":{"emulator":{"name":"dataconnect"},"message":"E0721 22:06:09.262747   14330 watch.go:40] Failed to load config from \"/home/user/test1/barberweb/dataconnect\": could not find dataconnect.yaml in `/home/user/test1/barberweb/dataconnect`\n"}}
[debug] [2026-07-21T22:06:19.271Z] E0721 22:06:19.271361   14330 watch.go:40] Failed to load config from "/home/user/test1/barberweb/dataconnect": could not find dataconnect.yaml in `/home/user/test1/barberweb/dataconnect`
 {"metadata":{"emulator":{"name":"dataconnect"},"message":"E0721 22:06:19.271361   14330 watch.go:40] Failed to load config from \"/home/user/test1/barberweb/dataconnect\": could not find dataconnect.yaml in `/home/user/test1/barberweb/dataconnect`\n"}}
[debug] [2026-07-21T22:06:29.263Z] E0721 22:06:29.263078   14330 watch.go:40] Failed to load config from "/home/user/test1/barberweb/dataconnect": could not find dataconnect.yaml in `/home/user/test1/barberweb/dataconnect`
 {"metadata":{"emulator":{"name":"dataconnect"},"message":"E0721 22:06:29.263078   14330 watch.go:40] Failed to load config from \"/home/user/test1/barberweb/dataconnect\": could not find dataconnect.yaml in `/home/user/test1/barberweb/dataconnect`\n"}}
[debug] [2026-07-21T22:06:39.262Z] E0721 22:06:39.262560   14330 watch.go:116] watchAllDir unable to walk dir `/home/user/test1/barberweb/dataconnect`: lstat /home/user/test1/barberweb/dataconnect: no such file or directory
E0721 22:06:39.262666   14330 watch.go:40] Failed to load config from "/home/user/test1/barberweb/dataconnect": could not find dataconnect.yaml in `/home/user/test1/barberweb/dataconnect`
 {"metadata":{"emulator":{"name":"dataconnect"},"message":"E0721 22:06:39.262560   14330 watch.go:116] watchAllDir unable to walk dir `/home/user/test1/barberweb/dataconnect`: lstat /home/user/test1/barberweb/dataconnect: no such file or directory\nE0721 22:06:39.262666   14330 watch.go:40] Failed to load config from \"/home/user/test1/barberweb/dataconnect\": could not find dataconnect.yaml in `/home/user/test1/barberweb/dataconnect`\n"}}
[debug] [2026-07-21T22:06:49.272Z] E0721 22:06:49.271778   14330 watch.go:40] Failed to load config from "/home/user/test1/barberweb/dataconnect": could not find dataconnect.yaml in `/home/user/test1/barberweb/dataconnect`
 {"metadata":{"emulator":{"name":"dataconnect"},"message":"E0721 22:06:49.271778   14330 watch.go:40] Failed to load config from \"/home/user/test1/barberweb/dataconnect\": could not find dataconnect.yaml in `/home/user/test1/barberweb/dataconnect`\n"}}
[debug] [2026-07-21T22:06:59.266Z] E0721 22:06:59.266386   14330 watch.go:40] Failed to load config from "/home/user/test1/barberweb/dataconnect": could not find dataconnect.yaml in `/home/user/test1/barberweb/dataconnect`
 {"metadata":{"emulator":{"name":"dataconnect"},"message":"E0721 22:06:59.266386   14330 watch.go:40] Failed to load config from \"/home/user/test1/barberweb/dataconnect\": could not find dataconnect.yaml in `/home/user/test1/barberweb/dataconnect`\n"}}
[debug] [2026-07-21T22:07:09.263Z] E0721 22:07:09.262844   14330 watch.go:40] Failed to load config from "/home/user/test1/barberweb/dataconnect": could not find dataconnect.yaml in `/home/user/test1/barberweb/dataconnect`
 {"metadata":{"emulator":{"name":"dataconnect"},"message":"E0721 22:07:09.262844   14330 watch.go:40] Failed to load config from \"/home/user/test1/barberweb/dataconnect\": could not find dataconnect.yaml in `/home/user/test1/barberweb/dataconnect`\n"}}
[debug] [2026-07-21T22:07:19.271Z] E0721 22:07:19.271383   14330 watch.go:40] Failed to load config from "/home/user/test1/barberweb/dataconnect": could not find dataconnect.yaml in `/home/user/test1/barberweb/dataconnect`
 {"metadata":{"emulator":{"name":"dataconnect"},"message":"E0721 22:07:19.271383   14330 watch.go:40] Failed to load config from \"/home/user/test1/barberweb/dataconnect\": could not find dataconnect.yaml in `/home/user/test1/barberweb/dataconnect`\n"}}
[debug] [2026-07-21T22:07:29.271Z] E0721 22:07:29.271483   14330 watch.go:40] Failed to load config from "/home/user/test1/barberweb/dataconnect": could not find dataconnect.yaml in `/home/user/test1/barberweb/dataconnect`
 {"metadata":{"emulator":{"name":"dataconnect"},"message":"E0721 22:07:29.271483   14330 watch.go:40] Failed to load config from \"/home/user/test1/barberweb/dataconnect\": could not find dataconnect.yaml in `/home/user/test1/barberweb/dataconnect`\n"}}
[debug] [2026-07-21T22:07:39.262Z] E0721 22:07:39.262134   14330 watch.go:116] watchAllDir unable to walk dir `/home/user/test1/barberweb/dataconnect`: lstat /home/user/test1/barberweb/dataconnect: no such file or directory
E0721 22:07:39.262172   14330 watch.go:40] Failed to load config from "/home/user/test1/barberweb/dataconnect": could not find dataconnect.yaml in `/home/user/test1/barberweb/dataconnect`
 {"metadata":{"emulator":{"name":"dataconnect"},"message":"E0721 22:07:39.262134   14330 watch.go:116] watchAllDir unable to walk dir `/home/user/test1/barberweb/dataconnect`: lstat /home/user/test1/barberweb/dataconnect: no such file or directory\nE0721 22:07:39.262172   14330 watch.go:40] Failed to load config from \"/home/user/test1/barberweb/dataconnect\": could not find dataconnect.yaml in `/home/user/test1/barberweb/dataconnect`\n"}}
[debug] [2026-07-21T22:07:49.264Z] E0721 22:07:49.264415   14330 watch.go:40] Failed to load config from "/home/user/test1/barberweb/dataconnect": could not find dataconnect.yaml in `/home/user/test1/barberweb/dataconnect`
 {"metadata":{"emulator":{"name":"dataconnect"},"message":"E0721 22:07:49.264415   14330 watch.go:40] Failed to load config from \"/home/user/test1/barberweb/dataconnect\": could not find dataconnect.yaml in `/home/user/test1/barberweb/dataconnect`\n"}}
[debug] [2026-07-21T22:07:59.262Z] E0721 22:07:59.262384   14330 watch.go:40] Failed to load config from "/home/user/test1/barberweb/dataconnect": could not find dataconnect.yaml in `/home/user/test1/barberweb/dataconnect`
 {"metadata":{"emulator":{"name":"dataconnect"},"message":"E0721 22:07:59.262384   14330 watch.go:40] Failed to load config from \"/home/user/test1/barberweb/dataconnect\": could not find dataconnect.yaml in `/home/user/test1/barberweb/dataconnect`\n"}}
[debug] [2026-07-21T22:08:09.263Z] E0721 22:08:09.262794   14330 watch.go:40] Failed to load config from "/home/user/test1/barberweb/dataconnect": could not find dataconnect.yaml in `/home/user/test1/barberweb/dataconnect`
 {"metadata":{"emulator":{"name":"dataconnect"},"message":"E0721 22:08:09.262794   14330 watch.go:40] Failed to load config from \"/home/user/test1/barberweb/dataconnect\": could not find dataconnect.yaml in `/home/user/test1/barberweb/dataconnect`\n"}}
[debug] [2026-07-21T22:08:19.272Z] E0721 22:08:19.271909   14330 watch.go:40] Failed to load config from "/home/user/test1/barberweb/dataconnect": could not find dataconnect.yaml in `/home/user/test1/barberweb/dataconnect`
 {"metadata":{"emulator":{"name":"dataconnect"},"message":"E0721 22:08:19.271909   14330 watch.go:40] Failed to load config from \"/home/user/test1/barberweb/dataconnect\": could not find dataconnect.yaml in `/home/user/test1/barberweb/dataconnect`\n"}}
[debug] [2026-07-21T22:08:29.271Z] E0721 22:08:29.271351   14330 watch.go:40] Failed to load config from "/home/user/test1/barberweb/dataconnect": could not find dataconnect.yaml in `/home/user/test1/barberweb/dataconnect`
 {"metadata":{"emulator":{"name":"dataconnect"},"message":"E0721 22:08:29.271351   14330 watch.go:40] Failed to load config from \"/home/user/test1/barberweb/dataconnect\": could not find dataconnect.yaml in `/home/user/test1/barberweb/dataconnect`\n"}}
[debug] [2026-07-21T22:08:39.262Z] E0721 22:08:39.262586   14330 watch.go:116] watchAllDir unable to walk dir `/home/user/test1/barberweb/dataconnect`: lstat /home/user/test1/barberweb/dataconnect: no such file or directory
E0721 22:08:39.262695   14330 watch.go:40] Failed to load config from "/home/user/test1/barberweb/dataconnect": could not find dataconnect.yaml in `/home/user/test1/barberweb/dataconnect`
 {"metadata":{"emulator":{"name":"dataconnect"},"message":"E0721 22:08:39.262586   14330 watch.go:116] watchAllDir unable to walk dir `/home/user/test1/barberweb/dataconnect`: lstat /home/user/test1/barberweb/dataconnect: no such file or directory\nE0721 22:08:39.262695   14330 watch.go:40] Failed to load config from \"/home/user/test1/barberweb/dataconnect\": could not find dataconnect.yaml in `/home/user/test1/barberweb/dataconnect`\n"}}
[debug] [2026-07-21T22:08:49.272Z] E0721 22:08:49.271843   14330 watch.go:40] Failed to load config from "/home/user/test1/barberweb/dataconnect": could not find dataconnect.yaml in `/home/user/test1/barberweb/dataconnect`
 {"metadata":{"emulator":{"name":"dataconnect"},"message":"E0721 22:08:49.271843   14330 watch.go:40] Failed to load config from \"/home/user/test1/barberweb/dataconnect\": could not find dataconnect.yaml in `/home/user/test1/barberweb/dataconnect`\n"}}
[debug] [2026-07-21T22:08:59.271Z] E0721 22:08:59.271346   14330 watch.go:40] Failed to load config from "/home/user/test1/barberweb/dataconnect": could not find dataconnect.yaml in `/home/user/test1/barberweb/dataconnect`
 {"metadata":{"emulator":{"name":"dataconnect"},"message":"E0721 22:08:59.271346   14330 watch.go:40] Failed to load config from \"/home/user/test1/barberweb/dataconnect\": could not find dataconnect.yaml in `/home/user/test1/barberweb/dataconnect`\n"}}
[debug] [2026-07-21T22:09:09.262Z] E0721 22:09:09.262632   14330 watch.go:40] Failed to load config from "/home/user/test1/barberweb/dataconnect": could not find dataconnect.yaml in `/home/user/test1/barberweb/dataconnect`
 {"metadata":{"emulator":{"name":"dataconnect"},"message":"E0721 22:09:09.262632   14330 watch.go:40] Failed to load config from \"/home/user/test1/barberweb/dataconnect\": could not find dataconnect.yaml in `/home/user/test1/barberweb/dataconnect`\n"}}
[debug] [2026-07-21T22:09:19.265Z] E0721 22:09:19.265344   14330 watch.go:40] Failed to load config from "/home/user/test1/barberweb/dataconnect": could not find dataconnect.yaml in `/home/user/test1/barberweb/dataconnect`
 {"metadata":{"emulator":{"name":"dataconnect"},"message":"E0721 22:09:19.265344   14330 watch.go:40] Failed to load config from \"/home/user/test1/barberweb/dataconnect\": could not find dataconnect.yaml in `/home/user/test1/barberweb/dataconnect`\n"}}
[debug] [2026-07-21T22:09:29.270Z] E0721 22:09:29.270126   14330 watch.go:40] Failed to load config from "/home/user/test1/barberweb/dataconnect": could not find dataconnect.yaml in `/home/user/test1/barberweb/dataconnect`
 {"metadata":{"emulator":{"name":"dataconnect"},"message":"E0721 22:09:29.270126   14330 watch.go:40] Failed to load config from \"/home/user/test1/barberweb/dataconnect\": could not find dataconnect.yaml in `/home/user/test1/barberweb/dataconnect`\n"}}
[debug] [2026-07-21T22:09:39.263Z] E0721 22:09:39.262902   14330 watch.go:116] watchAllDir unable to walk dir `/home/user/test1/barberweb/dataconnect`: lstat /home/user/test1/barberweb/dataconnect: no such file or directory
E0721 22:09:39.262981   14330 watch.go:40] Failed to load config from "/home/user/test1/barberweb/dataconnect": could not find dataconnect.yaml in `/home/user/test1/barberweb/dataconnect`
 {"metadata":{"emulator":{"name":"dataconnect"},"message":"E0721 22:09:39.262902   14330 watch.go:116] watchAllDir unable to walk dir `/home/user/test1/barberweb/dataconnect`: lstat /home/user/test1/barberweb/dataconnect: no such file or directory\nE0721 22:09:39.262981   14330 watch.go:40] Failed to load config from \"/home/user/test1/barberweb/dataconnect\": could not find dataconnect.yaml in `/home/user/test1/barberweb/dataconnect`\n"}}
[debug] [2026-07-21T22:09:49.272Z] E0721 22:09:49.272237   14330 watch.go:40] Failed to load config from "/home/user/test1/barberweb/dataconnect": could not find dataconnect.yaml in `/home/user/test1/barberweb/dataconnect`
 {"metadata":{"emulator":{"name":"dataconnect"},"message":"E0721 22:09:49.272237   14330 watch.go:40] Failed to load config from \"/home/user/test1/barberweb/dataconnect\": could not find dataconnect.yaml in `/home/user/test1/barberweb/dataconnect`\n"}}
[debug] [2026-07-21T22:09:59.262Z] E0721 22:09:59.262355   14330 watch.go:40] Failed to load config from "/home/user/test1/barberweb/dataconnect": could not find dataconnect.yaml in `/home/user/test1/barberweb/dataconnect`
 {"metadata":{"emulator":{"name":"dataconnect"},"message":"E0721 22:09:59.262355   14330 watch.go:40] Failed to load config from \"/home/user/test1/barberweb/dataconnect\": could not find dataconnect.yaml in `/home/user/test1/barberweb/dataconnect`\n"}}
[debug] [2026-07-21T22:10:09.263Z] E0721 22:10:09.262824   14330 watch.go:40] Failed to load config from "/home/user/test1/barberweb/dataconnect": could not find dataconnect.yaml in `/home/user/test1/barberweb/dataconnect`
 {"metadata":{"emulator":{"name":"dataconnect"},"message":"E0721 22:10:09.262824   14330 watch.go:40] Failed to load config from \"/home/user/test1/barberweb/dataconnect\": could not find dataconnect.yaml in `/home/user/test1/barberweb/dataconnect`\n"}}
[debug] [2026-07-21T22:10:19.266Z] E0721 22:10:19.266280   14330 watch.go:40] Failed to load config from "/home/user/test1/barberweb/dataconnect": could not find dataconnect.yaml in `/home/user/test1/barberweb/dataconnect`
 {"metadata":{"emulator":{"name":"dataconnect"},"message":"E0721 22:10:19.266280   14330 watch.go:40] Failed to load config from \"/home/user/test1/barberweb/dataconnect\": could not find dataconnect.yaml in `/home/user/test1/barberweb/dataconnect`\n"}}
[debug] [2026-07-21T22:10:29.271Z] E0721 22:10:29.271530   14330 watch.go:40] Failed to load config from "/home/user/test1/barberweb/dataconnect": could not find dataconnect.yaml in `/home/user/test1/barberweb/dataconnect`
 {"metadata":{"emulator":{"name":"dataconnect"},"message":"E0721 22:10:29.271530   14330 watch.go:40] Failed to load config from \"/home/user/test1/barberweb/dataconnect\": could not find dataconnect.yaml in `/home/user/test1/barberweb/dataconnect`\n"}}
[debug] [2026-07-21T22:10:39.263Z] E0721 22:10:39.262805   14330 watch.go:116] watchAllDir unable to walk dir `/home/user/test1/barberweb/dataconnect`: lstat /home/user/test1/barberweb/dataconnect: no such file or directory
E0721 22:10:39.262885   14330 watch.go:40] Failed to load config from "/home/user/test1/barberweb/dataconnect": could not find dataconnect.yaml in `/home/user/test1/barberweb/dataconnect`
 {"metadata":{"emulator":{"name":"dataconnect"},"message":"E0721 22:10:39.262805   14330 watch.go:116] watchAllDir unable to walk dir `/home/user/test1/barberweb/dataconnect`: lstat /home/user/test1/barberweb/dataconnect: no such file or directory\nE0721 22:10:39.262885   14330 watch.go:40] Failed to load config from \"/home/user/test1/barberweb/dataconnect\": could not find dataconnect.yaml in `/home/user/test1/barberweb/dataconnect`\n"}}
[debug] [2026-07-21T22:10:49.271Z] E0721 22:10:49.270924   14330 watch.go:40] Failed to load config from "/home/user/test1/barberweb/dataconnect": could not find dataconnect.yaml in `/home/user/test1/barberweb/dataconnect`
 {"metadata":{"emulator":{"name":"dataconnect"},"message":"E0721 22:10:49.270924   14330 watch.go:40] Failed to load config from \"/home/user/test1/barberweb/dataconnect\": could not find dataconnect.yaml in `/home/user/test1/barberweb/dataconnect`\n"}}
[debug] [2026-07-21T22:10:59.270Z] E0721 22:10:59.270455   14330 watch.go:40] Failed to load config from "/home/user/test1/barberweb/dataconnect": could not find dataconnect.yaml in `/home/user/test1/barberweb/dataconnect`
 {"metadata":{"emulator":{"name":"dataconnect"},"message":"E0721 22:10:59.270455   14330 watch.go:40] Failed to load config from \"/home/user/test1/barberweb/dataconnect\": could not find dataconnect.yaml in `/home/user/test1/barberweb/dataconnect`\n"}}
[debug] [2026-07-21T22:11:09.263Z] E0721 22:11:09.262906   14330 watch.go:40] Failed to load config from "/home/user/test1/barberweb/dataconnect": could not find dataconnect.yaml in `/home/user/test1/barberweb/dataconnect`
 {"metadata":{"emulator":{"name":"dataconnect"},"message":"E0721 22:11:09.262906   14330 watch.go:40] Failed to load config from \"/home/user/test1/barberweb/dataconnect\": could not find dataconnect.yaml in `/home/user/test1/barberweb/dataconnect`\n"}}
[debug] [2026-07-21T22:11:19.272Z] E0721 22:11:19.271837   14330 watch.go:40] Failed to load config from "/home/user/test1/barberweb/dataconnect": could not find dataconnect.yaml in `/home/user/test1/barberweb/dataconnect`
 {"metadata":{"emulator":{"name":"dataconnect"},"message":"E0721 22:11:19.271837   14330 watch.go:40] Failed to load config from \"/home/user/test1/barberweb/dataconnect\": could not find dataconnect.yaml in `/home/user/test1/barberweb/dataconnect`\n"}}
[debug] [2026-07-21T22:11:29.271Z] E0721 22:11:29.271348   14330 watch.go:40] Failed to load config from "/home/user/test1/barberweb/dataconnect": could not find dataconnect.yaml in `/home/user/test1/barberweb/dataconnect`
 {"metadata":{"emulator":{"name":"dataconnect"},"message":"E0721 22:11:29.271348   14330 watch.go:40] Failed to load config from \"/home/user/test1/barberweb/dataconnect\": could not find dataconnect.yaml in `/home/user/test1/barberweb/dataconnect`\n"}}
[debug] [2026-07-21T22:11:39.263Z] E0721 22:11:39.262796   14330 watch.go:116] watchAllDir unable to walk dir `/home/user/test1/barberweb/dataconnect`: lstat /home/user/test1/barberweb/dataconnect: no such file or directory
E0721 22:11:39.262879   14330 watch.go:40] Failed to load config from "/home/user/test1/barberweb/dataconnect": could not find dataconnect.yaml in `/home/user/test1/barberweb/dataconnect`
 {"metadata":{"emulator":{"name":"dataconnect"},"message":"E0721 22:11:39.262796   14330 watch.go:116] watchAllDir unable to walk dir `/home/user/test1/barberweb/dataconnect`: lstat /home/user/test1/barberweb/dataconnect: no such file or directory\nE0721 22:11:39.262879   14330 watch.go:40] Failed to load config from \"/home/user/test1/barberweb/dataconnect\": could not find dataconnect.yaml in `/home/user/test1/barberweb/dataconnect`\n"}}
[debug] [2026-07-21T22:11:49.272Z] E0721 22:11:49.272011   14330 watch.go:40] Failed to load config from "/home/user/test1/barberweb/dataconnect": could not find dataconnect.yaml in `/home/user/test1/barberweb/dataconnect`
 {"metadata":{"emulator":{"name":"dataconnect"},"message":"E0721 22:11:49.272011   14330 watch.go:40] Failed to load config from \"/home/user/test1/barberweb/dataconnect\": could not find dataconnect.yaml in `/home/user/test1/barberweb/dataconnect`\n"}}
[debug] [2026-07-21T22:11:59.263Z] E0721 22:11:59.262896   14330 watch.go:40] Failed to load config from "/home/user/test1/barberweb/dataconnect": could not find dataconnect.yaml in `/home/user/test1/barberweb/dataconnect`
 {"metadata":{"emulator":{"name":"dataconnect"},"message":"E0721 22:11:59.262896   14330 watch.go:40] Failed to load config from \"/home/user/test1/barberweb/dataconnect\": could not find dataconnect.yaml in `/home/user/test1/barberweb/dataconnect`\n"}}
[debug] [2026-07-21T22:12:09.262Z] E0721 22:12:09.262622   14330 watch.go:40] Failed to load config from "/home/user/test1/barberweb/dataconnect": could not find dataconnect.yaml in `/home/user/test1/barberweb/dataconnect`
 {"metadata":{"emulator":{"name":"dataconnect"},"message":"E0721 22:12:09.262622   14330 watch.go:40] Failed to load config from \"/home/user/test1/barberweb/dataconnect\": could not find dataconnect.yaml in `/home/user/test1/barberweb/dataconnect`\n"}}
[debug] [2026-07-21T22:12:19.271Z] E0721 22:12:19.271318   14330 watch.go:40] Failed to load config from "/home/user/test1/barberweb/dataconnect": could not find dataconnect.yaml in `/home/user/test1/barberweb/dataconnect`
 {"metadata":{"emulator":{"name":"dataconnect"},"message":"E0721 22:12:19.271318   14330 watch.go:40] Failed to load config from \"/home/user/test1/barberweb/dataconnect\": could not find dataconnect.yaml in `/home/user/test1/barberweb/dataconnect`\n"}}
[debug] [2026-07-21T22:12:29.271Z] E0721 22:12:29.271446   14330 watch.go:40] Failed to load config from "/home/user/test1/barberweb/dataconnect": could not find dataconnect.yaml in `/home/user/test1/barberweb/dataconnect`
 {"metadata":{"emulator":{"name":"dataconnect"},"message":"E0721 22:12:29.271446   14330 watch.go:40] Failed to load config from \"/home/user/test1/barberweb/dataconnect\": could not find dataconnect.yaml in `/home/user/test1/barberweb/dataconnect`\n"}}
[debug] [2026-07-21T22:12:39.263Z] E0721 22:12:39.262623   14330 watch.go:116] watchAllDir unable to walk dir `/home/user/test1/barberweb/dataconnect`: lstat /home/user/test1/barberweb/dataconnect: no such file or directory
E0721 22:12:39.262738   14330 watch.go:40] Failed to load config from "/home/user/test1/barberweb/dataconnect": could not find dataconnect.yaml in `/home/user/test1/barberweb/dataconnect`
 {"metadata":{"emulator":{"name":"dataconnect"},"message":"E0721 22:12:39.262623   14330 watch.go:116] watchAllDir unable to walk dir `/home/user/test1/barberweb/dataconnect`: lstat /home/user/test1/barberweb/dataconnect: no such file or directory\nE0721 22:12:39.262738   14330 watch.go:40] Failed to load config from \"/home/user/test1/barberweb/dataconnect\": could not find dataconnect.yaml in `/home/user/test1/barberweb/dataconnect`\n"}}
[debug] [2026-07-21T22:12:49.271Z] E0721 22:12:49.270858   14330 watch.go:40] Failed to load config from "/home/user/test1/barberweb/dataconnect": could not find dataconnect.yaml in `/home/user/test1/barberweb/dataconnect`
 {"metadata":{"emulator":{"name":"dataconnect"},"message":"E0721 22:12:49.270858   14330 watch.go:40] Failed to load config from \"/home/user/test1/barberweb/dataconnect\": could not find dataconnect.yaml in `/home/user/test1/barberweb/dataconnect`\n"}}
[debug] [2026-07-21T22:12:59.270Z] E0721 22:12:59.270266   14330 watch.go:40] Failed to load config from "/home/user/test1/barberweb/dataconnect": could not find dataconnect.yaml in `/home/user/test1/barberweb/dataconnect`
 {"metadata":{"emulator":{"name":"dataconnect"},"message":"E0721 22:12:59.270266   14330 watch.go:40] Failed to load config from \"/home/user/test1/barberweb/dataconnect\": could not find dataconnect.yaml in `/home/user/test1/barberweb/dataconnect`\n"}}
[debug] [2026-07-21T22:13:09.263Z] E0721 22:13:09.263015   14330 watch.go:40] Failed to load config from "/home/user/test1/barberweb/dataconnect": could not find dataconnect.yaml in `/home/user/test1/barberweb/dataconnect`
 {"metadata":{"emulator":{"name":"dataconnect"},"message":"E0721 22:13:09.263015   14330 watch.go:40] Failed to load config from \"/home/user/test1/barberweb/dataconnect\": could not find dataconnect.yaml in `/home/user/test1/barberweb/dataconnect`\n"}}
[debug] [2026-07-21T22:13:19.269Z] E0721 22:13:19.269345   14330 watch.go:40] Failed to load config from "/home/user/test1/barberweb/dataconnect": could not find dataconnect.yaml in `/home/user/test1/barberweb/dataconnect`
 {"metadata":{"emulator":{"name":"dataconnect"},"message":"E0721 22:13:19.269345   14330 watch.go:40] Failed to load config from \"/home/user/test1/barberweb/dataconnect\": could not find dataconnect.yaml in `/home/user/test1/barberweb/dataconnect`\n"}}
[debug] [2026-07-21T22:13:29.262Z] E0721 22:13:29.262313   14330 watch.go:40] Failed to load config from "/home/user/test1/barberweb/dataconnect": could not find dataconnect.yaml in `/home/user/test1/barberweb/dataconnect`
 {"metadata":{"emulator":{"name":"dataconnect"},"message":"E0721 22:13:29.262313   14330 watch.go:40] Failed to load config from \"/home/user/test1/barberweb/dataconnect\": could not find dataconnect.yaml in `/home/user/test1/barberweb/dataconnect`\n"}}
[debug] [2026-07-21T22:13:39.262Z] E0721 22:13:39.262548   14330 watch.go:116] watchAllDir unable to walk dir `/home/user/test1/barberweb/dataconnect`: lstat /home/user/test1/barberweb/dataconnect: no such file or directory
E0721 22:13:39.262680   14330 watch.go:40] Failed to load config from "/home/user/test1/barberweb/dataconnect": could not find dataconnect.yaml in `/home/user/test1/barberweb/dataconnect`
 {"metadata":{"emulator":{"name":"dataconnect"},"message":"E0721 22:13:39.262548   14330 watch.go:116] watchAllDir unable to walk dir `/home/user/test1/barberweb/dataconnect`: lstat /home/user/test1/barberweb/dataconnect: no such file or directory\nE0721 22:13:39.262680   14330 watch.go:40] Failed to load config from \"/home/user/test1/barberweb/dataconnect\": could not find dataconnect.yaml in `/home/user/test1/barberweb/dataconnect`\n"}}
[debug] [2026-07-21T22:13:49.270Z] E0721 22:13:49.270457   14330 watch.go:40] Failed to load config from "/home/user/test1/barberweb/dataconnect": could not find dataconnect.yaml in `/home/user/test1/barberweb/dataconnect`
 {"metadata":{"emulator":{"name":"dataconnect"},"message":"E0721 22:13:49.270457   14330 watch.go:40] Failed to load config from \"/home/user/test1/barberweb/dataconnect\": could not find dataconnect.yaml in `/home/user/test1/barberweb/dataconnect`\n"}}
[debug] [2026-07-21T22:13:59.271Z] E0721 22:13:59.271336   14330 watch.go:40] Failed to load config from "/home/user/test1/barberweb/dataconnect": could not find dataconnect.yaml in `/home/user/test1/barberweb/dataconnect`
 {"metadata":{"emulator":{"name":"dataconnect"},"message":"E0721 22:13:59.271336   14330 watch.go:40] Failed to load config from \"/home/user/test1/barberweb/dataconnect\": could not find dataconnect.yaml in `/home/user/test1/barberweb/dataconnect`\n"}}
[debug] [2026-07-21T22:14:09.262Z] E0721 22:14:09.262397   14330 watch.go:40] Failed to load config from "/home/user/test1/barberweb/dataconnect": could not find dataconnect.yaml in `/home/user/test1/barberweb/dataconnect`
 {"metadata":{"emulator":{"name":"dataconnect"},"message":"E0721 22:14:09.262397   14330 watch.go:40] Failed to load config from \"/home/user/test1/barberweb/dataconnect\": could not find dataconnect.yaml in `/home/user/test1/barberweb/dataconnect`\n"}}
[debug] [2026-07-21T22:14:19.271Z] E0721 22:14:19.271667   14330 watch.go:40] Failed to load config from "/home/user/test1/barberweb/dataconnect": could not find dataconnect.yaml in `/home/user/test1/barberweb/dataconnect`
 {"metadata":{"emulator":{"name":"dataconnect"},"message":"E0721 22:14:19.271667   14330 watch.go:40] Failed to load config from \"/home/user/test1/barberweb/dataconnect\": could not find dataconnect.yaml in `/home/user/test1/barberweb/dataconnect`\n"}}
[debug] [2026-07-21T22:14:29.272Z] E0721 22:14:29.271816   14330 watch.go:40] Failed to load config from "/home/user/test1/barberweb/dataconnect": could not find dataconnect.yaml in `/home/user/test1/barberweb/dataconnect`
 {"metadata":{"emulator":{"name":"dataconnect"},"message":"E0721 22:14:29.271816   14330 watch.go:40] Failed to load config from \"/home/user/test1/barberweb/dataconnect\": could not find dataconnect.yaml in `/home/user/test1/barberweb/dataconnect`\n"}}
[debug] [2026-07-21T22:14:39.263Z] E0721 22:14:39.262818   14330 watch.go:40] Failed to load config from "/home/user/test1/barberweb/dataconnect": could not find dataconnect.yaml in `/home/user/test1/barberweb/dataconnect`
E0721 22:14:39.262771   14330 watch.go:116] watchAllDir unable to walk dir `/home/user/test1/barberweb/dataconnect`: lstat /home/user/test1/barberweb/dataconnect: no such file or directory
 {"metadata":{"emulator":{"name":"dataconnect"},"message":"E0721 22:14:39.262818   14330 watch.go:40] Failed to load config from \"/home/user/test1/barberweb/dataconnect\": could not find dataconnect.yaml in `/home/user/test1/barberweb/dataconnect`\nE0721 22:14:39.262771   14330 watch.go:116] watchAllDir unable to walk dir `/home/user/test1/barberweb/dataconnect`: lstat /home/user/test1/barberweb/dataconnect: no such file or directory\n"}}
[debug] [2026-07-21T22:14:49.272Z] E0721 22:14:49.271973   14330 watch.go:40] Failed to load config from "/home/user/test1/barberweb/dataconnect": could not find dataconnect.yaml in `/home/user/test1/barberweb/dataconnect`
 {"metadata":{"emulator":{"name":"dataconnect"},"message":"E0721 22:14:49.271973   14330 watch.go:40] Failed to load config from \"/home/user/test1/barberweb/dataconnect\": could not find dataconnect.yaml in `/home/user/test1/barberweb/dataconnect`\n"}}
[debug] [2026-07-21T22:14:59.267Z] E0721 22:14:59.267415   14330 watch.go:40] Failed to load config from "/home/user/test1/barberweb/dataconnect": could not find dataconnect.yaml in `/home/user/test1/barberweb/dataconnect`
 {"metadata":{"emulator":{"name":"dataconnect"},"message":"E0721 22:14:59.267415   14330 watch.go:40] Failed to load config from \"/home/user/test1/barberweb/dataconnect\": could not find dataconnect.yaml in `/home/user/test1/barberweb/dataconnect`\n"}}
[debug] [2026-07-21T22:15:09.263Z] E0721 22:15:09.262867   14330 watch.go:40] Failed to load config from "/home/user/test1/barberweb/dataconnect": could not find dataconnect.yaml in `/home/user/test1/barberweb/dataconnect`
 {"metadata":{"emulator":{"name":"dataconnect"},"message":"E0721 22:15:09.262867   14330 watch.go:40] Failed to load config from \"/home/user/test1/barberweb/dataconnect\": could not find dataconnect.yaml in `/home/user/test1/barberweb/dataconnect`\n"}}
[debug] [2026-07-21T22:15:19.272Z] E0721 22:15:19.271972   14330 watch.go:40] Failed to load config from "/home/user/test1/barberweb/dataconnect": could not find dataconnect.yaml in `/home/user/test1/barberweb/dataconnect`
 {"metadata":{"emulator":{"name":"dataconnect"},"message":"E0721 22:15:19.271972   14330 watch.go:40] Failed to load config from \"/home/user/test1/barberweb/dataconnect\": could not find dataconnect.yaml in `/home/user/test1/barberweb/dataconnect`\n"}}
[debug] [2026-07-21T22:15:29.272Z] E0721 22:15:29.272064   14330 watch.go:40] Failed to load config from "/home/user/test1/barberweb/dataconnect": could not find dataconnect.yaml in `/home/user/test1/barberweb/dataconnect`
 {"metadata":{"emulator":{"name":"dataconnect"},"message":"E0721 22:15:29.272064   14330 watch.go:40] Failed to load config from \"/home/user/test1/barberweb/dataconnect\": could not find dataconnect.yaml in `/home/user/test1/barberweb/dataconnect`\n"}}
[debug] [2026-07-21T22:15:39.262Z] E0721 22:15:39.262481   14330 watch.go:116] watchAllDir unable to walk dir `/home/user/test1/barberweb/dataconnect`: lstat /home/user/test1/barberweb/dataconnect: no such file or directory
E0721 22:15:39.262599   14330 watch.go:40] Failed to load config from "/home/user/test1/barberweb/dataconnect": could not find dataconnect.yaml in `/home/user/test1/barberweb/dataconnect`
 {"metadata":{"emulator":{"name":"dataconnect"},"message":"E0721 22:15:39.262481   14330 watch.go:116] watchAllDir unable to walk dir `/home/user/test1/barberweb/dataconnect`: lstat /home/user/test1/barberweb/dataconnect: no such file or directory\nE0721 22:15:39.262599   14330 watch.go:40] Failed to load config from \"/home/user/test1/barberweb/dataconnect\": could not find dataconnect.yaml in `/home/user/test1/barberweb/dataconnect`\n"}}
[debug] [2026-07-21T22:15:49.272Z] E0721 22:15:49.271810   14330 watch.go:40] Failed to load config from "/home/user/test1/barberweb/dataconnect": could not find dataconnect.yaml in `/home/user/test1/barberweb/dataconnect`
 {"metadata":{"emulator":{"name":"dataconnect"},"message":"E0721 22:15:49.271810   14330 watch.go:40] Failed to load config from \"/home/user/test1/barberweb/dataconnect\": could not find dataconnect.yaml in `/home/user/test1/barberweb/dataconnect`\n"}}
[debug] [2026-07-21T22:15:59.271Z] E0721 22:15:59.271316   14330 watch.go:40] Failed to load config from "/home/user/test1/barberweb/dataconnect": could not find dataconnect.yaml in `/home/user/test1/barberweb/dataconnect`
 {"metadata":{"emulator":{"name":"dataconnect"},"message":"E0721 22:15:59.271316   14330 watch.go:40] Failed to load config from \"/home/user/test1/barberweb/dataconnect\": could not find dataconnect.yaml in `/home/user/test1/barberweb/dataconnect`\n"}}
[debug] [2026-07-21T22:16:09.263Z] E0721 22:16:09.262806   14330 watch.go:40] Failed to load config from "/home/user/test1/barberweb/dataconnect": could not find dataconnect.yaml in `/home/user/test1/barberweb/dataconnect`
 {"metadata":{"emulator":{"name":"dataconnect"},"message":"E0721 22:16:09.262806   14330 watch.go:40] Failed to load config from \"/home/user/test1/barberweb/dataconnect\": could not find dataconnect.yaml in `/home/user/test1/barberweb/dataconnect`\n"}}
[debug] [2026-07-21T22:16:19.262Z] E0721 22:16:19.262457   14330 watch.go:40] Failed to load config from "/home/user/test1/barberweb/dataconnect": could not find dataconnect.yaml in `/home/user/test1/barberweb/dataconnect`
 {"metadata":{"emulator":{"name":"dataconnect"},"message":"E0721 22:16:19.262457   14330 watch.go:40] Failed to load config from \"/home/user/test1/barberweb/dataconnect\": could not find dataconnect.yaml in `/home/user/test1/barberweb/dataconnect`\n"}}
[debug] [2026-07-21T22:16:29.270Z] E0721 22:16:29.270072   14330 watch.go:40] Failed to load config from "/home/user/test1/barberweb/dataconnect": could not find dataconnect.yaml in `/home/user/test1/barberweb/dataconnect`
 {"metadata":{"emulator":{"name":"dataconnect"},"message":"E0721 22:16:29.270072   14330 watch.go:40] Failed to load config from \"/home/user/test1/barberweb/dataconnect\": could not find dataconnect.yaml in `/home/user/test1/barberweb/dataconnect`\n"}}
[debug] [2026-07-21T22:16:39.262Z] E0721 22:16:39.262651   14330 watch.go:40] Failed to load config from "/home/user/test1/barberweb/dataconnect": could not find dataconnect.yaml in `/home/user/test1/barberweb/dataconnect`
E0721 22:16:39.262620   14330 watch.go:116] watchAllDir unable to walk dir `/home/user/test1/barberweb/dataconnect`: lstat /home/user/test1/barberweb/dataconnect: no such file or directory
 {"metadata":{"emulator":{"name":"dataconnect"},"message":"E0721 22:16:39.262651   14330 watch.go:40] Failed to load config from \"/home/user/test1/barberweb/dataconnect\": could not find dataconnect.yaml in `/home/user/test1/barberweb/dataconnect`\nE0721 22:16:39.262620   14330 watch.go:116] watchAllDir unable to walk dir `/home/user/test1/barberweb/dataconnect`: lstat /home/user/test1/barberweb/dataconnect: no such file or directory\n"}}
[debug] [2026-07-21T22:16:49.266Z] E0721 22:16:49.266241   14330 watch.go:40] Failed to load config from "/home/user/test1/barberweb/dataconnect": could not find dataconnect.yaml in `/home/user/test1/barberweb/dataconnect`
 {"metadata":{"emulator":{"name":"dataconnect"},"message":"E0721 22:16:49.266241   14330 watch.go:40] Failed to load config from \"/home/user/test1/barberweb/dataconnect\": could not find dataconnect.yaml in `/home/user/test1/barberweb/dataconnect`\n"}}
[debug] [2026-07-21T22:16:59.266Z] E0721 22:16:59.266231   14330 watch.go:40] Failed to load config from "/home/user/test1/barberweb/dataconnect": could not find dataconnect.yaml in `/home/user/test1/barberweb/dataconnect`
 {"metadata":{"emulator":{"name":"dataconnect"},"message":"E0721 22:16:59.266231   14330 watch.go:40] Failed to load config from \"/home/user/test1/barberweb/dataconnect\": could not find dataconnect.yaml in `/home/user/test1/barberweb/dataconnect`\n"}}
[debug] [2026-07-21T22:17:09.262Z] E0721 22:17:09.262615   14330 watch.go:40] Failed to load config from "/home/user/test1/barberweb/dataconnect": could not find dataconnect.yaml in `/home/user/test1/barberweb/dataconnect`
 {"metadata":{"emulator":{"name":"dataconnect"},"message":"E0721 22:17:09.262615   14330 watch.go:40] Failed to load config from \"/home/user/test1/barberweb/dataconnect\": could not find dataconnect.yaml in `/home/user/test1/barberweb/dataconnect`\n"}}
[debug] [2026-07-21T22:17:19.272Z] E0721 22:17:19.271811   14330 watch.go:40] Failed to load config from "/home/user/test1/barberweb/dataconnect": could not find dataconnect.yaml in `/home/user/test1/barberweb/dataconnect`
 {"metadata":{"emulator":{"name":"dataconnect"},"message":"E0721 22:17:19.271811   14330 watch.go:40] Failed to load config from \"/home/user/test1/barberweb/dataconnect\": could not find dataconnect.yaml in `/home/user/test1/barberweb/dataconnect`\n"}}
[debug] [2026-07-21T22:17:29.263Z] E0721 22:17:29.262710   14330 watch.go:40] Failed to load config from "/home/user/test1/barberweb/dataconnect": could not find dataconnect.yaml in `/home/user/test1/barberweb/dataconnect`
 {"metadata":{"emulator":{"name":"dataconnect"},"message":"E0721 22:17:29.262710   14330 watch.go:40] Failed to load config from \"/home/user/test1/barberweb/dataconnect\": could not find dataconnect.yaml in `/home/user/test1/barberweb/dataconnect`\n"}}
[debug] [2026-07-21T22:17:39.263Z] E0721 22:17:39.262813   14330 watch.go:116] watchAllDir unable to walk dir `/home/user/test1/barberweb/dataconnect`: lstat /home/user/test1/barberweb/dataconnect: no such file or directory
E0721 22:17:39.262913   14330 watch.go:40] Failed to load config from "/home/user/test1/barberweb/dataconnect": could not find dataconnect.yaml in `/home/user/test1/barberweb/dataconnect`
 {"metadata":{"emulator":{"name":"dataconnect"},"message":"E0721 22:17:39.262813   14330 watch.go:116] watchAllDir unable to walk dir `/home/user/test1/barberweb/dataconnect`: lstat /home/user/test1/barberweb/dataconnect: no such file or directory\nE0721 22:17:39.262913   14330 watch.go:40] Failed to load config from \"/home/user/test1/barberweb/dataconnect\": could not find dataconnect.yaml in `/home/user/test1/barberweb/dataconnect`\n"}}
[debug] [2026-07-21T22:17:49.272Z] E0721 22:17:49.272055   14330 watch.go:40] Failed to load config from "/home/user/test1/barberweb/dataconnect": could not find dataconnect.yaml in `/home/user/test1/barberweb/dataconnect`
 {"metadata":{"emulator":{"name":"dataconnect"},"message":"E0721 22:17:49.272055   14330 watch.go:40] Failed to load config from \"/home/user/test1/barberweb/dataconnect\": could not find dataconnect.yaml in `/home/user/test1/barberweb/dataconnect`\n"}}
[debug] [2026-07-21T22:17:59.272Z] E0721 22:17:59.272219   14330 watch.go:40] Failed to load config from "/home/user/test1/barberweb/dataconnect": could not find dataconnect.yaml in `/home/user/test1/barberweb/dataconnect`
 {"metadata":{"emulator":{"name":"dataconnect"},"message":"E0721 22:17:59.272219   14330 watch.go:40] Failed to load config from \"/home/user/test1/barberweb/dataconnect\": could not find dataconnect.yaml in `/home/user/test1/barberweb/dataconnect`\n"}}
[debug] [2026-07-21T22:18:09.262Z] E0721 22:18:09.262392   14330 watch.go:40] Failed to load config from "/home/user/test1/barberweb/dataconnect": could not find dataconnect.yaml in `/home/user/test1/barberweb/dataconnect`
 {"metadata":{"emulator":{"name":"dataconnect"},"message":"E0721 22:18:09.262392   14330 watch.go:40] Failed to load config from \"/home/user/test1/barberweb/dataconnect\": could not find dataconnect.yaml in `/home/user/test1/barberweb/dataconnect`\n"}}
[debug] [2026-07-21T22:18:19.265Z] E0721 22:18:19.262921   14330 watch.go:40] Failed to load config from "/home/user/test1/barberweb/dataconnect": could not find dataconnect.yaml in `/home/user/test1/barberweb/dataconnect`
 {"metadata":{"emulator":{"name":"dataconnect"},"message":"E0721 22:18:19.262921   14330 watch.go:40] Failed to load config from \"/home/user/test1/barberweb/dataconnect\": could not find dataconnect.yaml in `/home/user/test1/barberweb/dataconnect`\n"}}
[debug] [2026-07-21T22:18:29.262Z] E0721 22:18:29.262337   14330 watch.go:40] Failed to load config from "/home/user/test1/barberweb/dataconnect": could not find dataconnect.yaml in `/home/user/test1/barberweb/dataconnect`
 {"metadata":{"emulator":{"name":"dataconnect"},"message":"E0721 22:18:29.262337   14330 watch.go:40] Failed to load config from \"/home/user/test1/barberweb/dataconnect\": could not find dataconnect.yaml in `/home/user/test1/barberweb/dataconnect`\n"}}
[debug] [2026-07-21T22:18:39.262Z] E0721 22:18:39.262316   14330 watch.go:116] watchAllDir unable to walk dir `/home/user/test1/barberweb/dataconnect`: lstat /home/user/test1/barberweb/dataconnect: no such file or directory
E0721 22:18:39.262434   14330 watch.go:40] Failed to load config from "/home/user/test1/barberweb/dataconnect": could not find dataconnect.yaml in `/home/user/test1/barberweb/dataconnect`
 {"metadata":{"emulator":{"name":"dataconnect"},"message":"E0721 22:18:39.262316   14330 watch.go:116] watchAllDir unable to walk dir `/home/user/test1/barberweb/dataconnect`: lstat /home/user/test1/barberweb/dataconnect: no such file or directory\nE0721 22:18:39.262434   14330 watch.go:40] Failed to load config from \"/home/user/test1/barberweb/dataconnect\": could not find dataconnect.yaml in `/home/user/test1/barberweb/dataconnect`\n"}}
[debug] [2026-07-21T22:18:49.271Z] E0721 22:18:49.271340   14330 watch.go:40] Failed to load config from "/home/user/test1/barberweb/dataconnect": could not find dataconnect.yaml in `/home/user/test1/barberweb/dataconnect`
 {"metadata":{"emulator":{"name":"dataconnect"},"message":"E0721 22:18:49.271340   14330 watch.go:40] Failed to load config from \"/home/user/test1/barberweb/dataconnect\": could not find dataconnect.yaml in `/home/user/test1/barberweb/dataconnect`\n"}}
[debug] [2026-07-21T22:18:59.271Z] E0721 22:18:59.271385   14330 watch.go:40] Failed to load config from "/home/user/test1/barberweb/dataconnect": could not find dataconnect.yaml in `/home/user/test1/barberweb/dataconnect`
 {"metadata":{"emulator":{"name":"dataconnect"},"message":"E0721 22:18:59.271385   14330 watch.go:40] Failed to load config from \"/home/user/test1/barberweb/dataconnect\": could not find dataconnect.yaml in `/home/user/test1/barberweb/dataconnect`\n"}}
[debug] [2026-07-21T22:19:09.263Z] E0721 22:19:09.262853   14330 watch.go:40] Failed to load config from "/home/user/test1/barberweb/dataconnect": could not find dataconnect.yaml in `/home/user/test1/barberweb/dataconnect`
 {"metadata":{"emulator":{"name":"dataconnect"},"message":"E0721 22:19:09.262853   14330 watch.go:40] Failed to load config from \"/home/user/test1/barberweb/dataconnect\": could not find dataconnect.yaml in `/home/user/test1/barberweb/dataconnect`\n"}}
[debug] [2026-07-21T22:19:19.271Z] E0721 22:19:19.271302   14330 watch.go:40] Failed to load config from "/home/user/test1/barberweb/dataconnect": could not find dataconnect.yaml in `/home/user/test1/barberweb/dataconnect`
 {"metadata":{"emulator":{"name":"dataconnect"},"message":"E0721 22:19:19.271302   14330 watch.go:40] Failed to load config from \"/home/user/test1/barberweb/dataconnect\": could not find dataconnect.yaml in `/home/user/test1/barberweb/dataconnect`\n"}}
[debug] [2026-07-21T22:19:29.271Z] E0721 22:19:29.271343   14330 watch.go:40] Failed to load config from "/home/user/test1/barberweb/dataconnect": could not find dataconnect.yaml in `/home/user/test1/barberweb/dataconnect`
 {"metadata":{"emulator":{"name":"dataconnect"},"message":"E0721 22:19:29.271343   14330 watch.go:40] Failed to load config from \"/home/user/test1/barberweb/dataconnect\": could not find dataconnect.yaml in `/home/user/test1/barberweb/dataconnect`\n"}}
[debug] [2026-07-21T22:19:39.262Z] E0721 22:19:39.262681   14330 watch.go:116] watchAllDir unable to walk dir `/home/user/test1/barberweb/dataconnect`: lstat /home/user/test1/barberweb/dataconnect: no such file or directory
E0721 22:19:39.262751   14330 watch.go:40] Failed to load config from "/home/user/test1/barberweb/dataconnect": could not find dataconnect.yaml in `/home/user/test1/barberweb/dataconnect`
 {"metadata":{"emulator":{"name":"dataconnect"},"message":"E0721 22:19:39.262681   14330 watch.go:116] watchAllDir unable to walk dir `/home/user/test1/barberweb/dataconnect`: lstat /home/user/test1/barberweb/dataconnect: no such file or directory\nE0721 22:19:39.262751   14330 watch.go:40] Failed to load config from \"/home/user/test1/barberweb/dataconnect\": could not find dataconnect.yaml in `/home/user/test1/barberweb/dataconnect`\n"}}
[debug] [2026-07-21T22:19:49.268Z] E0721 22:19:49.267943   14330 watch.go:40] Failed to load config from "/home/user/test1/barberweb/dataconnect": could not find dataconnect.yaml in `/home/user/test1/barberweb/dataconnect`
 {"metadata":{"emulator":{"name":"dataconnect"},"message":"E0721 22:19:49.267943   14330 watch.go:40] Failed to load config from \"/home/user/test1/barberweb/dataconnect\": could not find dataconnect.yaml in `/home/user/test1/barberweb/dataconnect`\n"}}
[debug] [2026-07-21T22:19:59.271Z] E0721 22:19:59.271354   14330 watch.go:40] Failed to load config from "/home/user/test1/barberweb/dataconnect": could not find dataconnect.yaml in `/home/user/test1/barberweb/dataconnect`
 {"metadata":{"emulator":{"name":"dataconnect"},"message":"E0721 22:19:59.271354   14330 watch.go:40] Failed to load config from \"/home/user/test1/barberweb/dataconnect\": could not find dataconnect.yaml in `/home/user/test1/barberweb/dataconnect`\n"}}
[debug] [2026-07-21T22:20:09.263Z] E0721 22:20:09.262814   14330 watch.go:40] Failed to load config from "/home/user/test1/barberweb/dataconnect": could not find dataconnect.yaml in `/home/user/test1/barberweb/dataconnect`
 {"metadata":{"emulator":{"name":"dataconnect"},"message":"E0721 22:20:09.262814   14330 watch.go:40] Failed to load config from \"/home/user/test1/barberweb/dataconnect\": could not find dataconnect.yaml in `/home/user/test1/barberweb/dataconnect`\n"}}
[debug] [2026-07-21T22:20:19.271Z] E0721 22:20:19.271342   14330 watch.go:40] Failed to load config from "/home/user/test1/barberweb/dataconnect": could not find dataconnect.yaml in `/home/user/test1/barberweb/dataconnect`
 {"metadata":{"emulator":{"name":"dataconnect"},"message":"E0721 22:20:19.271342   14330 watch.go:40] Failed to load config from \"/home/user/test1/barberweb/dataconnect\": could not find dataconnect.yaml in `/home/user/test1/barberweb/dataconnect`\n"}}
[debug] [2026-07-21T22:20:29.264Z] E0721 22:20:29.264012   14330 watch.go:40] Failed to load config from "/home/user/test1/barberweb/dataconnect": could not find dataconnect.yaml in `/home/user/test1/barberweb/dataconnect`
 {"metadata":{"emulator":{"name":"dataconnect"},"message":"E0721 22:20:29.264012   14330 watch.go:40] Failed to load config from \"/home/user/test1/barberweb/dataconnect\": could not find dataconnect.yaml in `/home/user/test1/barberweb/dataconnect`\n"}}
[debug] [2026-07-21T22:20:39.263Z] E0721 22:20:39.262697   14330 watch.go:116] watchAllDir unable to walk dir `/home/user/test1/barberweb/dataconnect`: lstat /home/user/test1/barberweb/dataconnect: no such file or directory
E0721 22:20:39.262761   14330 watch.go:40] Failed to load config from "/home/user/test1/barberweb/dataconnect": could not find dataconnect.yaml in `/home/user/test1/barberweb/dataconnect`
 {"metadata":{"emulator":{"name":"dataconnect"},"message":"E0721 22:20:39.262697   14330 watch.go:116] watchAllDir unable to walk dir `/home/user/test1/barberweb/dataconnect`: lstat /home/user/test1/barberweb/dataconnect: no such file or directory\nE0721 22:20:39.262761   14330 watch.go:40] Failed to load config from \"/home/user/test1/barberweb/dataconnect\": could not find dataconnect.yaml in `/home/user/test1/barberweb/dataconnect`\n"}}
[debug] [2026-07-21T22:20:49.272Z] E0721 22:20:49.271864   14330 watch.go:40] Failed to load config from "/home/user/test1/barberweb/dataconnect": could not find dataconnect.yaml in `/home/user/test1/barberweb/dataconnect`
 {"metadata":{"emulator":{"name":"dataconnect"},"message":"E0721 22:20:49.271864   14330 watch.go:40] Failed to load config from \"/home/user/test1/barberweb/dataconnect\": could not find dataconnect.yaml in `/home/user/test1/barberweb/dataconnect`\n"}}
[debug] [2026-07-21T22:20:59.271Z] E0721 22:20:59.270905   14330 watch.go:40] Failed to load config from "/home/user/test1/barberweb/dataconnect": could not find dataconnect.yaml in `/home/user/test1/barberweb/dataconnect`
 {"metadata":{"emulator":{"name":"dataconnect"},"message":"E0721 22:20:59.270905   14330 watch.go:40] Failed to load config from \"/home/user/test1/barberweb/dataconnect\": could not find dataconnect.yaml in `/home/user/test1/barberweb/dataconnect`\n"}}
[debug] [2026-07-21T22:21:09.262Z] E0721 22:21:09.262622   14330 watch.go:40] Failed to load config from "/home/user/test1/barberweb/dataconnect": could not find dataconnect.yaml in `/home/user/test1/barberweb/dataconnect`
 {"metadata":{"emulator":{"name":"dataconnect"},"message":"E0721 22:21:09.262622   14330 watch.go:40] Failed to load config from \"/home/user/test1/barberweb/dataconnect\": could not find dataconnect.yaml in `/home/user/test1/barberweb/dataconnect`\n"}}
[debug] [2026-07-21T22:21:19.272Z] E0721 22:21:19.271749   14330 watch.go:40] Failed to load config from "/home/user/test1/barberweb/dataconnect": could not find dataconnect.yaml in `/home/user/test1/barberweb/dataconnect`
 {"metadata":{"emulator":{"name":"dataconnect"},"message":"E0721 22:21:19.271749   14330 watch.go:40] Failed to load config from \"/home/user/test1/barberweb/dataconnect\": could not find dataconnect.yaml in `/home/user/test1/barberweb/dataconnect`\n"}}
[debug] [2026-07-21T22:21:29.271Z] E0721 22:21:29.271347   14330 watch.go:40] Failed to load config from "/home/user/test1/barberweb/dataconnect": could not find dataconnect.yaml in `/home/user/test1/barberweb/dataconnect`
 {"metadata":{"emulator":{"name":"dataconnect"},"message":"E0721 22:21:29.271347   14330 watch.go:40] Failed to load config from \"/home/user/test1/barberweb/dataconnect\": could not find dataconnect.yaml in `/home/user/test1/barberweb/dataconnect`\n"}}
[debug] [2026-07-21T22:21:39.262Z] E0721 22:21:39.262351   14330 watch.go:116] watchAllDir unable to walk dir `/home/user/test1/barberweb/dataconnect`: lstat /home/user/test1/barberweb/dataconnect: no such file or directory
E0721 22:21:39.262429   14330 watch.go:40] Failed to load config from "/home/user/test1/barberweb/dataconnect": could not find dataconnect.yaml in `/home/user/test1/barberweb/dataconnect`
 {"metadata":{"emulator":{"name":"dataconnect"},"message":"E0721 22:21:39.262351   14330 watch.go:116] watchAllDir unable to walk dir `/home/user/test1/barberweb/dataconnect`: lstat /home/user/test1/barberweb/dataconnect: no such file or directory\nE0721 22:21:39.262429   14330 watch.go:40] Failed to load config from \"/home/user/test1/barberweb/dataconnect\": could not find dataconnect.yaml in `/home/user/test1/barberweb/dataconnect`\n"}}
[debug] [2026-07-21T22:21:49.271Z] E0721 22:21:49.271570   14330 watch.go:40] Failed to load config from "/home/user/test1/barberweb/dataconnect": could not find dataconnect.yaml in `/home/user/test1/barberweb/dataconnect`
 {"metadata":{"emulator":{"name":"dataconnect"},"message":"E0721 22:21:49.271570   14330 watch.go:40] Failed to load config from \"/home/user/test1/barberweb/dataconnect\": could not find dataconnect.yaml in `/home/user/test1/barberweb/dataconnect`\n"}}
[debug] [2026-07-21T22:21:59.263Z] E0721 22:21:59.262626   14330 watch.go:40] Failed to load config from "/home/user/test1/barberweb/dataconnect": could not find dataconnect.yaml in `/home/user/test1/barberweb/dataconnect`
 {"metadata":{"emulator":{"name":"dataconnect"},"message":"E0721 22:21:59.262626   14330 watch.go:40] Failed to load config from \"/home/user/test1/barberweb/dataconnect\": could not find dataconnect.yaml in `/home/user/test1/barberweb/dataconnect`\n"}}
[debug] [2026-07-21T22:22:09.263Z] E0721 22:22:09.262722   14330 watch.go:40] Failed to load config from "/home/user/test1/barberweb/dataconnect": could not find dataconnect.yaml in `/home/user/test1/barberweb/dataconnect`
 {"metadata":{"emulator":{"name":"dataconnect"},"message":"E0721 22:22:09.262722   14330 watch.go:40] Failed to load config from \"/home/user/test1/barberweb/dataconnect\": could not find dataconnect.yaml in `/home/user/test1/barberweb/dataconnect`\n"}}
[debug] [2026-07-21T22:22:19.263Z] E0721 22:22:19.263075   14330 watch.go:40] Failed to load config from "/home/user/test1/barberweb/dataconnect": could not find dataconnect.yaml in `/home/user/test1/barberweb/dataconnect`
 {"metadata":{"emulator":{"name":"dataconnect"},"message":"E0721 22:22:19.263075   14330 watch.go:40] Failed to load config from \"/home/user/test1/barberweb/dataconnect\": could not find dataconnect.yaml in `/home/user/test1/barberweb/dataconnect`\n"}}
[debug] [2026-07-21T22:22:29.271Z] E0721 22:22:29.271319   14330 watch.go:40] Failed to load config from "/home/user/test1/barberweb/dataconnect": could not find dataconnect.yaml in `/home/user/test1/barberweb/dataconnect`
 {"metadata":{"emulator":{"name":"dataconnect"},"message":"E0721 22:22:29.271319   14330 watch.go:40] Failed to load config from \"/home/user/test1/barberweb/dataconnect\": could not find dataconnect.yaml in `/home/user/test1/barberweb/dataconnect`\n"}}
[debug] [2026-07-21T22:22:39.262Z] E0721 22:22:39.262363   14330 watch.go:40] Failed to load config from "/home/user/test1/barberweb/dataconnect": could not find dataconnect.yaml in `/home/user/test1/barberweb/dataconnect`
E0721 22:22:39.262297   14330 watch.go:116] watchAllDir unable to walk dir `/home/user/test1/barberweb/dataconnect`: lstat /home/user/test1/barberweb/dataconnect: no such file or directory
 {"metadata":{"emulator":{"name":"dataconnect"},"message":"E0721 22:22:39.262363   14330 watch.go:40] Failed to load config from \"/home/user/test1/barberweb/dataconnect\": could not find dataconnect.yaml in `/home/user/test1/barberweb/dataconnect`\nE0721 22:22:39.262297   14330 watch.go:116] watchAllDir unable to walk dir `/home/user/test1/barberweb/dataconnect`: lstat /home/user/test1/barberweb/dataconnect: no such file or directory\n"}}
[debug] [2026-07-21T22:22:49.272Z] E0721 22:22:49.271642   14330 watch.go:40] Failed to load config from "/home/user/test1/barberweb/dataconnect": could not find dataconnect.yaml in `/home/user/test1/barberweb/dataconnect`
 {"metadata":{"emulator":{"name":"dataconnect"},"message":"E0721 22:22:49.271642   14330 watch.go:40] Failed to load config from \"/home/user/test1/barberweb/dataconnect\": could not find dataconnect.yaml in `/home/user/test1/barberweb/dataconnect`\n"}}
[debug] [2026-07-21T22:22:59.271Z] E0721 22:22:59.271302   14330 watch.go:40] Failed to load config from "/home/user/test1/barberweb/dataconnect": could not find dataconnect.yaml in `/home/user/test1/barberweb/dataconnect`
 {"metadata":{"emulator":{"name":"dataconnect"},"message":"E0721 22:22:59.271302   14330 watch.go:40] Failed to load config from \"/home/user/test1/barberweb/dataconnect\": could not find dataconnect.yaml in `/home/user/test1/barberweb/dataconnect`\n"}}
[debug] [2026-07-21T22:23:09.262Z] E0721 22:23:09.262586   14330 watch.go:40] Failed to load config from "/home/user/test1/barberweb/dataconnect": could not find dataconnect.yaml in `/home/user/test1/barberweb/dataconnect`
 {"metadata":{"emulator":{"name":"dataconnect"},"message":"E0721 22:23:09.262586   14330 watch.go:40] Failed to load config from \"/home/user/test1/barberweb/dataconnect\": could not find dataconnect.yaml in `/home/user/test1/barberweb/dataconnect`\n"}}
[debug] [2026-07-21T22:23:19.262Z] E0721 22:23:19.262317   14330 watch.go:40] Failed to load config from "/home/user/test1/barberweb/dataconnect": could not find dataconnect.yaml in `/home/user/test1/barberweb/dataconnect`
 {"metadata":{"emulator":{"name":"dataconnect"},"message":"E0721 22:23:19.262317   14330 watch.go:40] Failed to load config from \"/home/user/test1/barberweb/dataconnect\": could not find dataconnect.yaml in `/home/user/test1/barberweb/dataconnect`\n"}}
[debug] [2026-07-21T22:23:29.271Z] E0721 22:23:29.271312   14330 watch.go:40] Failed to load config from "/home/user/test1/barberweb/dataconnect": could not find dataconnect.yaml in `/home/user/test1/barberweb/dataconnect`
 {"metadata":{"emulator":{"name":"dataconnect"},"message":"E0721 22:23:29.271312   14330 watch.go:40] Failed to load config from \"/home/user/test1/barberweb/dataconnect\": could not find dataconnect.yaml in `/home/user/test1/barberweb/dataconnect`\n"}}
[debug] [2026-07-21T22:23:39.264Z] E0721 22:23:39.262234   14330 watch.go:116] watchAllDir unable to walk dir `/home/user/test1/barberweb/dataconnect`: lstat /home/user/test1/barberweb/dataconnect: no such file or directory
E0721 22:23:39.262328   14330 watch.go:40] Failed to load config from "/home/user/test1/barberweb/dataconnect": could not find dataconnect.yaml in `/home/user/test1/barberweb/dataconnect`
 {"metadata":{"emulator":{"name":"dataconnect"},"message":"E0721 22:23:39.262234   14330 watch.go:116] watchAllDir unable to walk dir `/home/user/test1/barberweb/dataconnect`: lstat /home/user/test1/barberweb/dataconnect: no such file or directory\nE0721 22:23:39.262328   14330 watch.go:40] Failed to load config from \"/home/user/test1/barberweb/dataconnect\": could not find dataconnect.yaml in `/home/user/test1/barberweb/dataconnect`\n"}}
[debug] [2026-07-21T22:23:49.271Z] E0721 22:23:49.271374   14330 watch.go:40] Failed to load config from "/home/user/test1/barberweb/dataconnect": could not find dataconnect.yaml in `/home/user/test1/barberweb/dataconnect`
 {"metadata":{"emulator":{"name":"dataconnect"},"message":"E0721 22:23:49.271374   14330 watch.go:40] Failed to load config from \"/home/user/test1/barberweb/dataconnect\": could not find dataconnect.yaml in `/home/user/test1/barberweb/dataconnect`\n"}}
[debug] [2026-07-21T22:23:59.271Z] E0721 22:23:59.271459   14330 watch.go:40] Failed to load config from "/home/user/test1/barberweb/dataconnect": could not find dataconnect.yaml in `/home/user/test1/barberweb/dataconnect`
 {"metadata":{"emulator":{"name":"dataconnect"},"message":"E0721 22:23:59.271459   14330 watch.go:40] Failed to load config from \"/home/user/test1/barberweb/dataconnect\": could not find dataconnect.yaml in `/home/user/test1/barberweb/dataconnect`\n"}}
[debug] [2026-07-21T22:24:09.263Z] E0721 22:24:09.263105   14330 watch.go:40] Failed to load config from "/home/user/test1/barberweb/dataconnect": could not find dataconnect.yaml in `/home/user/test1/barberweb/dataconnect`
 {"metadata":{"emulator":{"name":"dataconnect"},"message":"E0721 22:24:09.263105   14330 watch.go:40] Failed to load config from \"/home/user/test1/barberweb/dataconnect\": could not find dataconnect.yaml in `/home/user/test1/barberweb/dataconnect`\n"}}
[debug] [2026-07-21T22:24:19.264Z] E0721 22:24:19.264056   14330 watch.go:40] Failed to load config from "/home/user/test1/barberweb/dataconnect": could not find dataconnect.yaml in `/home/user/test1/barberweb/dataconnect`
 {"metadata":{"emulator":{"name":"dataconnect"},"message":"E0721 22:24:19.264056   14330 watch.go:40] Failed to load config from \"/home/user/test1/barberweb/dataconnect\": could not find dataconnect.yaml in `/home/user/test1/barberweb/dataconnect`\n"}}
[debug] [2026-07-21T22:24:29.271Z] E0721 22:24:29.271402   14330 watch.go:40] Failed to load config from "/home/user/test1/barberweb/dataconnect": could not find dataconnect.yaml in `/home/user/test1/barberweb/dataconnect`
 {"metadata":{"emulator":{"name":"dataconnect"},"message":"E0721 22:24:29.271402   14330 watch.go:40] Failed to load config from \"/home/user/test1/barberweb/dataconnect\": could not find dataconnect.yaml in `/home/user/test1/barberweb/dataconnect`\n"}}
[debug] [2026-07-21T22:24:39.263Z] E0721 22:24:39.262779   14330 watch.go:40] Failed to load config from "/home/user/test1/barberweb/dataconnect": could not find dataconnect.yaml in `/home/user/test1/barberweb/dataconnect`
E0721 22:24:39.262273   14330 watch.go:116] watchAllDir unable to walk dir `/home/user/test1/barberweb/dataconnect`: lstat /home/user/test1/barberweb/dataconnect: no such file or directory
 {"metadata":{"emulator":{"name":"dataconnect"},"message":"E0721 22:24:39.262779   14330 watch.go:40] Failed to load config from \"/home/user/test1/barberweb/dataconnect\": could not find dataconnect.yaml in `/home/user/test1/barberweb/dataconnect`\nE0721 22:24:39.262273   14330 watch.go:116] watchAllDir unable to walk dir `/home/user/test1/barberweb/dataconnect`: lstat /home/user/test1/barberweb/dataconnect: no such file or directory\n"}}
[debug] [2026-07-21T22:24:49.262Z] E0721 22:24:49.262409   14330 watch.go:40] Failed to load config from "/home/user/test1/barberweb/dataconnect": could not find dataconnect.yaml in `/home/user/test1/barberweb/dataconnect`
 {"metadata":{"emulator":{"name":"dataconnect"},"message":"E0721 22:24:49.262409   14330 watch.go:40] Failed to load config from \"/home/user/test1/barberweb/dataconnect\": could not find dataconnect.yaml in `/home/user/test1/barberweb/dataconnect`\n"}}
[debug] [2026-07-21T22:24:59.264Z] E0721 22:24:59.264049   14330 watch.go:40] Failed to load config from "/home/user/test1/barberweb/dataconnect": could not find dataconnect.yaml in `/home/user/test1/barberweb/dataconnect`
 {"metadata":{"emulator":{"name":"dataconnect"},"message":"E0721 22:24:59.264049   14330 watch.go:40] Failed to load config from \"/home/user/test1/barberweb/dataconnect\": could not find dataconnect.yaml in `/home/user/test1/barberweb/dataconnect`\n"}}
[debug] [2026-07-21T22:25:09.263Z] E0721 22:25:09.262866   14330 watch.go:40] Failed to load config from "/home/user/test1/barberweb/dataconnect": could not find dataconnect.yaml in `/home/user/test1/barberweb/dataconnect`
 {"metadata":{"emulator":{"name":"dataconnect"},"message":"E0721 22:25:09.262866   14330 watch.go:40] Failed to load config from \"/home/user/test1/barberweb/dataconnect\": could not find dataconnect.yaml in `/home/user/test1/barberweb/dataconnect`\n"}}
[debug] [2026-07-21T22:25:19.271Z] E0721 22:25:19.271380   14330 watch.go:40] Failed to load config from "/home/user/test1/barberweb/dataconnect": could not find dataconnect.yaml in `/home/user/test1/barberweb/dataconnect`
 {"metadata":{"emulator":{"name":"dataconnect"},"message":"E0721 22:25:19.271380   14330 watch.go:40] Failed to load config from \"/home/user/test1/barberweb/dataconnect\": could not find dataconnect.yaml in `/home/user/test1/barberweb/dataconnect`\n"}}
[debug] [2026-07-21T22:25:29.271Z] E0721 22:25:29.271342   14330 watch.go:40] Failed to load config from "/home/user/test1/barberweb/dataconnect": could not find dataconnect.yaml in `/home/user/test1/barberweb/dataconnect`
 {"metadata":{"emulator":{"name":"dataconnect"},"message":"E0721 22:25:29.271342   14330 watch.go:40] Failed to load config from \"/home/user/test1/barberweb/dataconnect\": could not find dataconnect.yaml in `/home/user/test1/barberweb/dataconnect`\n"}}
[debug] [2026-07-21T22:25:39.263Z] E0721 22:25:39.262721   14330 watch.go:116] watchAllDir unable to walk dir `/home/user/test1/barberweb/dataconnect`: lstat /home/user/test1/barberweb/dataconnect: no such file or directory
E0721 22:25:39.262794   14330 watch.go:40] Failed to load config from "/home/user/test1/barberweb/dataconnect": could not find dataconnect.yaml in `/home/user/test1/barberweb/dataconnect`
 {"metadata":{"emulator":{"name":"dataconnect"},"message":"E0721 22:25:39.262721   14330 watch.go:116] watchAllDir unable to walk dir `/home/user/test1/barberweb/dataconnect`: lstat /home/user/test1/barberweb/dataconnect: no such file or directory\nE0721 22:25:39.262794   14330 watch.go:40] Failed to load config from \"/home/user/test1/barberweb/dataconnect\": could not find dataconnect.yaml in `/home/user/test1/barberweb/dataconnect`\n"}}
[debug] [2026-07-21T22:25:49.270Z] E0721 22:25:49.269677   14330 watch.go:40] Failed to load config from "/home/user/test1/barberweb/dataconnect": could not find dataconnect.yaml in `/home/user/test1/barberweb/dataconnect`
 {"metadata":{"emulator":{"name":"dataconnect"},"message":"E0721 22:25:49.269677   14330 watch.go:40] Failed to load config from \"/home/user/test1/barberweb/dataconnect\": could not find dataconnect.yaml in `/home/user/test1/barberweb/dataconnect`\n"}}
[debug] [2026-07-21T22:25:59.271Z] E0721 22:25:59.271353   14330 watch.go:40] Failed to load config from "/home/user/test1/barberweb/dataconnect": could not find dataconnect.yaml in `/home/user/test1/barberweb/dataconnect`
 {"metadata":{"emulator":{"name":"dataconnect"},"message":"E0721 22:25:59.271353   14330 watch.go:40] Failed to load config from \"/home/user/test1/barberweb/dataconnect\": could not find dataconnect.yaml in `/home/user/test1/barberweb/dataconnect`\n"}}
[debug] [2026-07-21T22:26:09.263Z] E0721 22:26:09.262864   14330 watch.go:40] Failed to load config from "/home/user/test1/barberweb/dataconnect": could not find dataconnect.yaml in `/home/user/test1/barberweb/dataconnect`
 {"metadata":{"emulator":{"name":"dataconnect"},"message":"E0721 22:26:09.262864   14330 watch.go:40] Failed to load config from \"/home/user/test1/barberweb/dataconnect\": could not find dataconnect.yaml in `/home/user/test1/barberweb/dataconnect`\n"}}
[debug] [2026-07-21T22:26:19.268Z] E0721 22:26:19.268593   14330 watch.go:40] Failed to load config from "/home/user/test1/barberweb/dataconnect": could not find dataconnect.yaml in `/home/user/test1/barberweb/dataconnect`
 {"metadata":{"emulator":{"name":"dataconnect"},"message":"E0721 22:26:19.268593   14330 watch.go:40] Failed to load config from \"/home/user/test1/barberweb/dataconnect\": could not find dataconnect.yaml in `/home/user/test1/barberweb/dataconnect`\n"}}
[debug] [2026-07-21T22:26:29.271Z] E0721 22:26:29.271370   14330 watch.go:40] Failed to load config from "/home/user/test1/barberweb/dataconnect": could not find dataconnect.yaml in `/home/user/test1/barberweb/dataconnect`
 {"metadata":{"emulator":{"name":"dataconnect"},"message":"E0721 22:26:29.271370   14330 watch.go:40] Failed to load config from \"/home/user/test1/barberweb/dataconnect\": could not find dataconnect.yaml in `/home/user/test1/barberweb/dataconnect`\n"}}
[debug] [2026-07-21T22:26:39.262Z] E0721 22:26:39.262565   14330 watch.go:116] watchAllDir unable to walk dir `/home/user/test1/barberweb/dataconnect`: lstat /home/user/test1/barberweb/dataconnect: no such file or directory
E0721 22:26:39.262650   14330 watch.go:40] Failed to load config from "/home/user/test1/barberweb/dataconnect": could not find dataconnect.yaml in `/home/user/test1/barberweb/dataconnect`
 {"metadata":{"emulator":{"name":"dataconnect"},"message":"E0721 22:26:39.262565   14330 watch.go:116] watchAllDir unable to walk dir `/home/user/test1/barberweb/dataconnect`: lstat /home/user/test1/barberweb/dataconnect: no such file or directory\nE0721 22:26:39.262650   14330 watch.go:40] Failed to load config from \"/home/user/test1/barberweb/dataconnect\": could not find dataconnect.yaml in `/home/user/test1/barberweb/dataconnect`\n"}}
[debug] [2026-07-21T22:26:49.263Z] E0721 22:26:49.262759   14330 watch.go:40] Failed to load config from "/home/user/test1/barberweb/dataconnect": could not find dataconnect.yaml in `/home/user/test1/barberweb/dataconnect`
 {"metadata":{"emulator":{"name":"dataconnect"},"message":"E0721 22:26:49.262759   14330 watch.go:40] Failed to load config from \"/home/user/test1/barberweb/dataconnect\": could not find dataconnect.yaml in `/home/user/test1/barberweb/dataconnect`\n"}}
[debug] [2026-07-21T22:26:59.262Z] E0721 22:26:59.262384   14330 watch.go:40] Failed to load config from "/home/user/test1/barberweb/dataconnect": could not find dataconnect.yaml in `/home/user/test1/barberweb/dataconnect`
 {"metadata":{"emulator":{"name":"dataconnect"},"message":"E0721 22:26:59.262384   14330 watch.go:40] Failed to load config from \"/home/user/test1/barberweb/dataconnect\": could not find dataconnect.yaml in `/home/user/test1/barberweb/dataconnect`\n"}}
[debug] [2026-07-21T22:27:09.263Z] E0721 22:27:09.262739   14330 watch.go:40] Failed to load config from "/home/user/test1/barberweb/dataconnect": could not find dataconnect.yaml in `/home/user/test1/barberweb/dataconnect`
 {"metadata":{"emulator":{"name":"dataconnect"},"message":"E0721 22:27:09.262739   14330 watch.go:40] Failed to load config from \"/home/user/test1/barberweb/dataconnect\": could not find dataconnect.yaml in `/home/user/test1/barberweb/dataconnect`\n"}}
[debug] [2026-07-21T22:27:19.272Z] E0721 22:27:19.271892   14330 watch.go:40] Failed to load config from "/home/user/test1/barberweb/dataconnect": could not find dataconnect.yaml in `/home/user/test1/barberweb/dataconnect`
 {"metadata":{"emulator":{"name":"dataconnect"},"message":"E0721 22:27:19.271892   14330 watch.go:40] Failed to load config from \"/home/user/test1/barberweb/dataconnect\": could not find dataconnect.yaml in `/home/user/test1/barberweb/dataconnect`\n"}}
[debug] [2026-07-21T22:27:29.272Z] E0721 22:27:29.271981   14330 watch.go:40] Failed to load config from "/home/user/test1/barberweb/dataconnect": could not find dataconnect.yaml in `/home/user/test1/barberweb/dataconnect`
 {"metadata":{"emulator":{"name":"dataconnect"},"message":"E0721 22:27:29.271981   14330 watch.go:40] Failed to load config from \"/home/user/test1/barberweb/dataconnect\": could not find dataconnect.yaml in `/home/user/test1/barberweb/dataconnect`\n"}}
[debug] [2026-07-21T22:27:39.262Z] E0721 22:27:39.262368   14330 watch.go:116] watchAllDir unable to walk dir `/home/user/test1/barberweb/dataconnect`: lstat /home/user/test1/barberweb/dataconnect: no such file or directory
E0721 22:27:39.262468   14330 watch.go:40] Failed to load config from "/home/user/test1/barberweb/dataconnect": could not find dataconnect.yaml in `/home/user/test1/barberweb/dataconnect`
 {"metadata":{"emulator":{"name":"dataconnect"},"message":"E0721 22:27:39.262368   14330 watch.go:116] watchAllDir unable to walk dir `/home/user/test1/barberweb/dataconnect`: lstat /home/user/test1/barberweb/dataconnect: no such file or directory\nE0721 22:27:39.262468   14330 watch.go:40] Failed to load config from \"/home/user/test1/barberweb/dataconnect\": could not find dataconnect.yaml in `/home/user/test1/barberweb/dataconnect`\n"}}
[debug] [2026-07-21T22:27:49.271Z] E0721 22:27:49.271429   14330 watch.go:40] Failed to load config from "/home/user/test1/barberweb/dataconnect": could not find dataconnect.yaml in `/home/user/test1/barberweb/dataconnect`
 {"metadata":{"emulator":{"name":"dataconnect"},"message":"E0721 22:27:49.271429   14330 watch.go:40] Failed to load config from \"/home/user/test1/barberweb/dataconnect\": could not find dataconnect.yaml in `/home/user/test1/barberweb/dataconnect`\n"}}
[debug] [2026-07-21T22:27:59.271Z] E0721 22:27:59.271565   14330 watch.go:40] Failed to load config from "/home/user/test1/barberweb/dataconnect": could not find dataconnect.yaml in `/home/user/test1/barberweb/dataconnect`
 {"metadata":{"emulator":{"name":"dataconnect"},"message":"E0721 22:27:59.271565   14330 watch.go:40] Failed to load config from \"/home/user/test1/barberweb/dataconnect\": could not find dataconnect.yaml in `/home/user/test1/barberweb/dataconnect`\n"}}
[debug] [2026-07-21T22:28:09.262Z] E0721 22:28:09.262269   14330 watch.go:40] Failed to load config from "/home/user/test1/barberweb/dataconnect": could not find dataconnect.yaml in `/home/user/test1/barberweb/dataconnect`
 {"metadata":{"emulator":{"name":"dataconnect"},"message":"E0721 22:28:09.262269   14330 watch.go:40] Failed to load config from \"/home/user/test1/barberweb/dataconnect\": could not find dataconnect.yaml in `/home/user/test1/barberweb/dataconnect`\n"}}
[debug] [2026-07-21T22:28:19.266Z] E0721 22:28:19.265841   14330 watch.go:40] Failed to load config from "/home/user/test1/barberweb/dataconnect": could not find dataconnect.yaml in `/home/user/test1/barberweb/dataconnect`
 {"metadata":{"emulator":{"name":"dataconnect"},"message":"E0721 22:28:19.265841   14330 watch.go:40] Failed to load config from \"/home/user/test1/barberweb/dataconnect\": could not find dataconnect.yaml in `/home/user/test1/barberweb/dataconnect`\n"}}
[debug] [2026-07-21T22:28:29.272Z] E0721 22:28:29.271935   14330 watch.go:40] Failed to load config from "/home/user/test1/barberweb/dataconnect": could not find dataconnect.yaml in `/home/user/test1/barberweb/dataconnect`
 {"metadata":{"emulator":{"name":"dataconnect"},"message":"E0721 22:28:29.271935   14330 watch.go:40] Failed to load config from \"/home/user/test1/barberweb/dataconnect\": could not find dataconnect.yaml in `/home/user/test1/barberweb/dataconnect`\n"}}
[debug] [2026-07-21T22:28:39.263Z] E0721 22:28:39.263201   14330 watch.go:116] watchAllDir unable to walk dir `/home/user/test1/barberweb/dataconnect`: lstat /home/user/test1/barberweb/dataconnect: no such file or directory
E0721 22:28:39.263281   14330 watch.go:40] Failed to load config from "/home/user/test1/barberweb/dataconnect": could not find dataconnect.yaml in `/home/user/test1/barberweb/dataconnect`
 {"metadata":{"emulator":{"name":"dataconnect"},"message":"E0721 22:28:39.263201   14330 watch.go:116] watchAllDir unable to walk dir `/home/user/test1/barberweb/dataconnect`: lstat /home/user/test1/barberweb/dataconnect: no such file or directory\nE0721 22:28:39.263281   14330 watch.go:40] Failed to load config from \"/home/user/test1/barberweb/dataconnect\": could not find dataconnect.yaml in `/home/user/test1/barberweb/dataconnect`\n"}}
[debug] [2026-07-21T22:28:49.262Z] E0721 22:28:49.262393   14330 watch.go:40] Failed to load config from "/home/user/test1/barberweb/dataconnect": could not find dataconnect.yaml in `/home/user/test1/barberweb/dataconnect`
 {"metadata":{"emulator":{"name":"dataconnect"},"message":"E0721 22:28:49.262393   14330 watch.go:40] Failed to load config from \"/home/user/test1/barberweb/dataconnect\": could not find dataconnect.yaml in `/home/user/test1/barberweb/dataconnect`\n"}}
[debug] [2026-07-21T22:28:59.263Z] E0721 22:28:59.262935   14330 watch.go:40] Failed to load config from "/home/user/test1/barberweb/dataconnect": could not find dataconnect.yaml in `/home/user/test1/barberweb/dataconnect`
 {"metadata":{"emulator":{"name":"dataconnect"},"message":"E0721 22:28:59.262935   14330 watch.go:40] Failed to load config from \"/home/user/test1/barberweb/dataconnect\": could not find dataconnect.yaml in `/home/user/test1/barberweb/dataconnect`\n"}}
[debug] [2026-07-21T22:29:09.262Z] E0721 22:29:09.262576   14330 watch.go:40] Failed to load config from "/home/user/test1/barberweb/dataconnect": could not find dataconnect.yaml in `/home/user/test1/barberweb/dataconnect`
 {"metadata":{"emulator":{"name":"dataconnect"},"message":"E0721 22:29:09.262576   14330 watch.go:40] Failed to load config from \"/home/user/test1/barberweb/dataconnect\": could not find dataconnect.yaml in `/home/user/test1/barberweb/dataconnect`\n"}}
[debug] [2026-07-21T22:29:19.264Z] E0721 22:29:19.264287   14330 watch.go:40] Failed to load config from "/home/user/test1/barberweb/dataconnect": could not find dataconnect.yaml in `/home/user/test1/barberweb/dataconnect`
 {"metadata":{"emulator":{"name":"dataconnect"},"message":"E0721 22:29:19.264287   14330 watch.go:40] Failed to load config from \"/home/user/test1/barberweb/dataconnect\": could not find dataconnect.yaml in `/home/user/test1/barberweb/dataconnect`\n"}}
[debug] [2026-07-21T22:29:29.271Z] E0721 22:29:29.271568   14330 watch.go:40] Failed to load config from "/home/user/test1/barberweb/dataconnect": could not find dataconnect.yaml in `/home/user/test1/barberweb/dataconnect`
 {"metadata":{"emulator":{"name":"dataconnect"},"message":"E0721 22:29:29.271568   14330 watch.go:40] Failed to load config from \"/home/user/test1/barberweb/dataconnect\": could not find dataconnect.yaml in `/home/user/test1/barberweb/dataconnect`\n"}}
[debug] [2026-07-21T22:29:39.262Z] E0721 22:29:39.262156   14330 watch.go:116] watchAllDir unable to walk dir `/home/user/test1/barberweb/dataconnect`: lstat /home/user/test1/barberweb/dataconnect: no such file or directory
E0721 22:29:39.262305   14330 watch.go:40] Failed to load config from "/home/user/test1/barberweb/dataconnect": could not find dataconnect.yaml in `/home/user/test1/barberweb/dataconnect`
 {"metadata":{"emulator":{"name":"dataconnect"},"message":"E0721 22:29:39.262156   14330 watch.go:116] watchAllDir unable to walk dir `/home/user/test1/barberweb/dataconnect`: lstat /home/user/test1/barberweb/dataconnect: no such file or directory\nE0721 22:29:39.262305   14330 watch.go:40] Failed to load config from \"/home/user/test1/barberweb/dataconnect\": could not find dataconnect.yaml in `/home/user/test1/barberweb/dataconnect`\n"}}
[debug] [2026-07-21T22:29:49.263Z] E0721 22:29:49.263248   14330 watch.go:40] Failed to load config from "/home/user/test1/barberweb/dataconnect": could not find dataconnect.yaml in `/home/user/test1/barberweb/dataconnect`
 {"metadata":{"emulator":{"name":"dataconnect"},"message":"E0721 22:29:49.263248   14330 watch.go:40] Failed to load config from \"/home/user/test1/barberweb/dataconnect\": could not find dataconnect.yaml in `/home/user/test1/barberweb/dataconnect`\n"}}
[debug] [2026-07-21T22:29:59.271Z] E0721 22:29:59.271336   14330 watch.go:40] Failed to load config from "/home/user/test1/barberweb/dataconnect": could not find dataconnect.yaml in `/home/user/test1/barberweb/dataconnect`
 {"metadata":{"emulator":{"name":"dataconnect"},"message":"E0721 22:29:59.271336   14330 watch.go:40] Failed to load config from \"/home/user/test1/barberweb/dataconnect\": could not find dataconnect.yaml in `/home/user/test1/barberweb/dataconnect`\n"}}
[debug] [2026-07-21T22:30:09.263Z] E0721 22:30:09.262701   14330 watch.go:40] Failed to load config from "/home/user/test1/barberweb/dataconnect": could not find dataconnect.yaml in `/home/user/test1/barberweb/dataconnect`
 {"metadata":{"emulator":{"name":"dataconnect"},"message":"E0721 22:30:09.262701   14330 watch.go:40] Failed to load config from \"/home/user/test1/barberweb/dataconnect\": could not find dataconnect.yaml in `/home/user/test1/barberweb/dataconnect`\n"}}
[debug] [2026-07-21T22:30:19.265Z] E0721 22:30:19.265607   14330 watch.go:40] Failed to load config from "/home/user/test1/barberweb/dataconnect": could not find dataconnect.yaml in `/home/user/test1/barberweb/dataconnect`
 {"metadata":{"emulator":{"name":"dataconnect"},"message":"E0721 22:30:19.265607   14330 watch.go:40] Failed to load config from \"/home/user/test1/barberweb/dataconnect\": could not find dataconnect.yaml in `/home/user/test1/barberweb/dataconnect`\n"}}
[debug] [2026-07-21T22:30:29.272Z] E0721 22:30:29.271789   14330 watch.go:40] Failed to load config from "/home/user/test1/barberweb/dataconnect": could not find dataconnect.yaml in `/home/user/test1/barberweb/dataconnect`
 {"metadata":{"emulator":{"name":"dataconnect"},"message":"E0721 22:30:29.271789   14330 watch.go:40] Failed to load config from \"/home/user/test1/barberweb/dataconnect\": could not find dataconnect.yaml in `/home/user/test1/barberweb/dataconnect`\n"}}
[debug] [2026-07-21T22:30:39.262Z] E0721 22:30:39.262587   14330 watch.go:116] watchAllDir unable to walk dir `/home/user/test1/barberweb/dataconnect`: lstat /home/user/test1/barberweb/dataconnect: no such file or directory
E0721 22:30:39.262665   14330 watch.go:40] Failed to load config from "/home/user/test1/barberweb/dataconnect": could not find dataconnect.yaml in `/home/user/test1/barberweb/dataconnect`
 {"metadata":{"emulator":{"name":"dataconnect"},"message":"E0721 22:30:39.262587   14330 watch.go:116] watchAllDir unable to walk dir `/home/user/test1/barberweb/dataconnect`: lstat /home/user/test1/barberweb/dataconnect: no such file or directory\nE0721 22:30:39.262665   14330 watch.go:40] Failed to load config from \"/home/user/test1/barberweb/dataconnect\": could not find dataconnect.yaml in `/home/user/test1/barberweb/dataconnect`\n"}}
[debug] [2026-07-21T22:30:49.264Z] E0721 22:30:49.264362   14330 watch.go:40] Failed to load config from "/home/user/test1/barberweb/dataconnect": could not find dataconnect.yaml in `/home/user/test1/barberweb/dataconnect`
 {"metadata":{"emulator":{"name":"dataconnect"},"message":"E0721 22:30:49.264362   14330 watch.go:40] Failed to load config from \"/home/user/test1/barberweb/dataconnect\": could not find dataconnect.yaml in `/home/user/test1/barberweb/dataconnect`\n"}}
[debug] [2026-07-21T22:30:59.269Z] E0721 22:30:59.269456   14330 watch.go:40] Failed to load config from "/home/user/test1/barberweb/dataconnect": could not find dataconnect.yaml in `/home/user/test1/barberweb/dataconnect`
 {"metadata":{"emulator":{"name":"dataconnect"},"message":"E0721 22:30:59.269456   14330 watch.go:40] Failed to load config from \"/home/user/test1/barberweb/dataconnect\": could not find dataconnect.yaml in `/home/user/test1/barberweb/dataconnect`\n"}}
[debug] [2026-07-21T22:31:09.262Z] E0721 22:31:09.262301   14330 watch.go:40] Failed to load config from "/home/user/test1/barberweb/dataconnect": could not find dataconnect.yaml in `/home/user/test1/barberweb/dataconnect`
 {"metadata":{"emulator":{"name":"dataconnect"},"message":"E0721 22:31:09.262301   14330 watch.go:40] Failed to load config from \"/home/user/test1/barberweb/dataconnect\": could not find dataconnect.yaml in `/home/user/test1/barberweb/dataconnect`\n"}}
[debug] [2026-07-21T22:31:19.265Z] E0721 22:31:19.265513   14330 watch.go:40] Failed to load config from "/home/user/test1/barberweb/dataconnect": could not find dataconnect.yaml in `/home/user/test1/barberweb/dataconnect`
 {"metadata":{"emulator":{"name":"dataconnect"},"message":"E0721 22:31:19.265513   14330 watch.go:40] Failed to load config from \"/home/user/test1/barberweb/dataconnect\": could not find dataconnect.yaml in `/home/user/test1/barberweb/dataconnect`\n"}}
[debug] [2026-07-21T22:31:29.271Z] E0721 22:31:29.271590   14330 watch.go:40] Failed to load config from "/home/user/test1/barberweb/dataconnect": could not find dataconnect.yaml in `/home/user/test1/barberweb/dataconnect`
 {"metadata":{"emulator":{"name":"dataconnect"},"message":"E0721 22:31:29.271590   14330 watch.go:40] Failed to load config from \"/home/user/test1/barberweb/dataconnect\": could not find dataconnect.yaml in `/home/user/test1/barberweb/dataconnect`\n"}}
[debug] [2026-07-21T22:31:39.262Z] E0721 22:31:39.262543   14330 watch.go:116] watchAllDir unable to walk dir `/home/user/test1/barberweb/dataconnect`: lstat /home/user/test1/barberweb/dataconnect: no such file or directory
E0721 22:31:39.262661   14330 watch.go:40] Failed to load config from "/home/user/test1/barberweb/dataconnect": could not find dataconnect.yaml in `/home/user/test1/barberweb/dataconnect`
 {"metadata":{"emulator":{"name":"dataconnect"},"message":"E0721 22:31:39.262543   14330 watch.go:116] watchAllDir unable to walk dir `/home/user/test1/barberweb/dataconnect`: lstat /home/user/test1/barberweb/dataconnect: no such file or directory\nE0721 22:31:39.262661   14330 watch.go:40] Failed to load config from \"/home/user/test1/barberweb/dataconnect\": could not find dataconnect.yaml in `/home/user/test1/barberweb/dataconnect`\n"}}
[debug] [2026-07-21T22:31:49.272Z] E0721 22:31:49.271789   14330 watch.go:40] Failed to load config from "/home/user/test1/barberweb/dataconnect": could not find dataconnect.yaml in `/home/user/test1/barberweb/dataconnect`
 {"metadata":{"emulator":{"name":"dataconnect"},"message":"E0721 22:31:49.271789   14330 watch.go:40] Failed to load config from \"/home/user/test1/barberweb/dataconnect\": could not find dataconnect.yaml in `/home/user/test1/barberweb/dataconnect`\n"}}
[debug] [2026-07-21T22:31:59.265Z] E0721 22:31:59.265481   14330 watch.go:40] Failed to load config from "/home/user/test1/barberweb/dataconnect": could not find dataconnect.yaml in `/home/user/test1/barberweb/dataconnect`
 {"metadata":{"emulator":{"name":"dataconnect"},"message":"E0721 22:31:59.265481   14330 watch.go:40] Failed to load config from \"/home/user/test1/barberweb/dataconnect\": could not find dataconnect.yaml in `/home/user/test1/barberweb/dataconnect`\n"}}
[debug] [2026-07-21T22:32:09.263Z] E0721 22:32:09.262744   14330 watch.go:40] Failed to load config from "/home/user/test1/barberweb/dataconnect": could not find dataconnect.yaml in `/home/user/test1/barberweb/dataconnect`
 {"metadata":{"emulator":{"name":"dataconnect"},"message":"E0721 22:32:09.262744   14330 watch.go:40] Failed to load config from \"/home/user/test1/barberweb/dataconnect\": could not find dataconnect.yaml in `/home/user/test1/barberweb/dataconnect`\n"}}
[debug] [2026-07-21T22:32:19.268Z] E0721 22:32:19.268247   14330 watch.go:40] Failed to load config from "/home/user/test1/barberweb/dataconnect": could not find dataconnect.yaml in `/home/user/test1/barberweb/dataconnect`
 {"metadata":{"emulator":{"name":"dataconnect"},"message":"E0721 22:32:19.268247   14330 watch.go:40] Failed to load config from \"/home/user/test1/barberweb/dataconnect\": could not find dataconnect.yaml in `/home/user/test1/barberweb/dataconnect`\n"}}
[debug] [2026-07-21T22:32:29.270Z] E0721 22:32:29.270094   14330 watch.go:40] Failed to load config from "/home/user/test1/barberweb/dataconnect": could not find dataconnect.yaml in `/home/user/test1/barberweb/dataconnect`
 {"metadata":{"emulator":{"name":"dataconnect"},"message":"E0721 22:32:29.270094   14330 watch.go:40] Failed to load config from \"/home/user/test1/barberweb/dataconnect\": could not find dataconnect.yaml in `/home/user/test1/barberweb/dataconnect`\n"}}
[debug] [2026-07-21T22:32:39.262Z] E0721 22:32:39.262138   14330 watch.go:116] watchAllDir unable to walk dir `/home/user/test1/barberweb/dataconnect`: lstat /home/user/test1/barberweb/dataconnect: no such file or directory
E0721 22:32:39.262242   14330 watch.go:40] Failed to load config from "/home/user/test1/barberweb/dataconnect": could not find dataconnect.yaml in `/home/user/test1/barberweb/dataconnect`
 {"metadata":{"emulator":{"name":"dataconnect"},"message":"E0721 22:32:39.262138   14330 watch.go:116] watchAllDir unable to walk dir `/home/user/test1/barberweb/dataconnect`: lstat /home/user/test1/barberweb/dataconnect: no such file or directory\nE0721 22:32:39.262242   14330 watch.go:40] Failed to load config from \"/home/user/test1/barberweb/dataconnect\": could not find dataconnect.yaml in `/home/user/test1/barberweb/dataconnect`\n"}}
[debug] [2026-07-21T22:32:49.271Z] E0721 22:32:49.271406   14330 watch.go:40] Failed to load config from "/home/user/test1/barberweb/dataconnect": could not find dataconnect.yaml in `/home/user/test1/barberweb/dataconnect`
 {"metadata":{"emulator":{"name":"dataconnect"},"message":"E0721 22:32:49.271406   14330 watch.go:40] Failed to load config from \"/home/user/test1/barberweb/dataconnect\": could not find dataconnect.yaml in `/home/user/test1/barberweb/dataconnect`\n"}}
[debug] [2026-07-21T22:32:59.270Z] E0721 22:32:59.270618   14330 watch.go:40] Failed to load config from "/home/user/test1/barberweb/dataconnect": could not find dataconnect.yaml in `/home/user/test1/barberweb/dataconnect`
 {"metadata":{"emulator":{"name":"dataconnect"},"message":"E0721 22:32:59.270618   14330 watch.go:40] Failed to load config from \"/home/user/test1/barberweb/dataconnect\": could not find dataconnect.yaml in `/home/user/test1/barberweb/dataconnect`\n"}}
[debug] [2026-07-21T22:33:09.263Z] E0721 22:33:09.262754   14330 watch.go:40] Failed to load config from "/home/user/test1/barberweb/dataconnect": could not find dataconnect.yaml in `/home/user/test1/barberweb/dataconnect`
 {"metadata":{"emulator":{"name":"dataconnect"},"message":"E0721 22:33:09.262754   14330 watch.go:40] Failed to load config from \"/home/user/test1/barberweb/dataconnect\": could not find dataconnect.yaml in `/home/user/test1/barberweb/dataconnect`\n"}}
[debug] [2026-07-21T22:33:19.262Z] E0721 22:33:19.262351   14330 watch.go:40] Failed to load config from "/home/user/test1/barberweb/dataconnect": could not find dataconnect.yaml in `/home/user/test1/barberweb/dataconnect`
 {"metadata":{"emulator":{"name":"dataconnect"},"message":"E0721 22:33:19.262351   14330 watch.go:40] Failed to load config from \"/home/user/test1/barberweb/dataconnect\": could not find dataconnect.yaml in `/home/user/test1/barberweb/dataconnect`\n"}}
[debug] [2026-07-21T22:33:29.271Z] E0721 22:33:29.271413   14330 watch.go:40] Failed to load config from "/home/user/test1/barberweb/dataconnect": could not find dataconnect.yaml in `/home/user/test1/barberweb/dataconnect`
 {"metadata":{"emulator":{"name":"dataconnect"},"message":"E0721 22:33:29.271413   14330 watch.go:40] Failed to load config from \"/home/user/test1/barberweb/dataconnect\": could not find dataconnect.yaml in `/home/user/test1/barberweb/dataconnect`\n"}}
[debug] [2026-07-21T22:33:39.263Z] E0721 22:33:39.262796   14330 watch.go:116] watchAllDir unable to walk dir `/home/user/test1/barberweb/dataconnect`: lstat /home/user/test1/barberweb/dataconnect: no such file or directory
E0721 22:33:39.262911   14330 watch.go:40] Failed to load config from "/home/user/test1/barberweb/dataconnect": could not find dataconnect.yaml in `/home/user/test1/barberweb/dataconnect`
 {"metadata":{"emulator":{"name":"dataconnect"},"message":"E0721 22:33:39.262796   14330 watch.go:116] watchAllDir unable to walk dir `/home/user/test1/barberweb/dataconnect`: lstat /home/user/test1/barberweb/dataconnect: no such file or directory\nE0721 22:33:39.262911   14330 watch.go:40] Failed to load config from \"/home/user/test1/barberweb/dataconnect\": could not find dataconnect.yaml in `/home/user/test1/barberweb/dataconnect`\n"}}
[debug] [2026-07-21T22:33:49.267Z] E0721 22:33:49.267153   14330 watch.go:40] Failed to load config from "/home/user/test1/barberweb/dataconnect": could not find dataconnect.yaml in `/home/user/test1/barberweb/dataconnect`
 {"metadata":{"emulator":{"name":"dataconnect"},"message":"E0721 22:33:49.267153   14330 watch.go:40] Failed to load config from \"/home/user/test1/barberweb/dataconnect\": could not find dataconnect.yaml in `/home/user/test1/barberweb/dataconnect`\n"}}
[debug] [2026-07-21T22:33:59.271Z] E0721 22:33:59.271353   14330 watch.go:40] Failed to load config from "/home/user/test1/barberweb/dataconnect": could not find dataconnect.yaml in `/home/user/test1/barberweb/dataconnect`
 {"metadata":{"emulator":{"name":"dataconnect"},"message":"E0721 22:33:59.271353   14330 watch.go:40] Failed to load config from \"/home/user/test1/barberweb/dataconnect\": could not find dataconnect.yaml in `/home/user/test1/barberweb/dataconnect`\n"}}
[debug] [2026-07-21T22:34:09.263Z] E0721 22:34:09.262822   14330 watch.go:40] Failed to load config from "/home/user/test1/barberweb/dataconnect": could not find dataconnect.yaml in `/home/user/test1/barberweb/dataconnect`
 {"metadata":{"emulator":{"name":"dataconnect"},"message":"E0721 22:34:09.262822   14330 watch.go:40] Failed to load config from \"/home/user/test1/barberweb/dataconnect\": could not find dataconnect.yaml in `/home/user/test1/barberweb/dataconnect`\n"}}
[debug] [2026-07-21T22:34:19.266Z] E0721 22:34:19.266097   14330 watch.go:40] Failed to load config from "/home/user/test1/barberweb/dataconnect": could not find dataconnect.yaml in `/home/user/test1/barberweb/dataconnect`
 {"metadata":{"emulator":{"name":"dataconnect"},"message":"E0721 22:34:19.266097   14330 watch.go:40] Failed to load config from \"/home/user/test1/barberweb/dataconnect\": could not find dataconnect.yaml in `/home/user/test1/barberweb/dataconnect`\n"}}
[debug] [2026-07-21T22:34:29.272Z] E0721 22:34:29.272330   14330 watch.go:40] Failed to load config from "/home/user/test1/barberweb/dataconnect": could not find dataconnect.yaml in `/home/user/test1/barberweb/dataconnect`
 {"metadata":{"emulator":{"name":"dataconnect"},"message":"E0721 22:34:29.272330   14330 watch.go:40] Failed to load config from \"/home/user/test1/barberweb/dataconnect\": could not find dataconnect.yaml in `/home/user/test1/barberweb/dataconnect`\n"}}
[debug] [2026-07-21T22:34:39.263Z] E0721 22:34:39.262756   14330 watch.go:116] watchAllDir unable to walk dir `/home/user/test1/barberweb/dataconnect`: lstat /home/user/test1/barberweb/dataconnect: no such file or directory
E0721 22:34:39.262802   14330 watch.go:40] Failed to load config from "/home/user/test1/barberweb/dataconnect": could not find dataconnect.yaml in `/home/user/test1/barberweb/dataconnect`
 {"metadata":{"emulator":{"name":"dataconnect"},"message":"E0721 22:34:39.262756   14330 watch.go:116] watchAllDir unable to walk dir `/home/user/test1/barberweb/dataconnect`: lstat /home/user/test1/barberweb/dataconnect: no such file or directory\nE0721 22:34:39.262802   14330 watch.go:40] Failed to load config from \"/home/user/test1/barberweb/dataconnect\": could not find dataconnect.yaml in `/home/user/test1/barberweb/dataconnect`\n"}}
[debug] [2026-07-21T22:34:49.265Z] E0721 22:34:49.264795   14330 watch.go:40] Failed to load config from "/home/user/test1/barberweb/dataconnect": could not find dataconnect.yaml in `/home/user/test1/barberweb/dataconnect`
 {"metadata":{"emulator":{"name":"dataconnect"},"message":"E0721 22:34:49.264795   14330 watch.go:40] Failed to load config from \"/home/user/test1/barberweb/dataconnect\": could not find dataconnect.yaml in `/home/user/test1/barberweb/dataconnect`\n"}}
[debug] [2026-07-21T22:34:59.265Z] E0721 22:34:59.264849   14330 watch.go:40] Failed to load config from "/home/user/test1/barberweb/dataconnect": could not find dataconnect.yaml in `/home/user/test1/barberweb/dataconnect`
 {"metadata":{"emulator":{"name":"dataconnect"},"message":"E0721 22:34:59.264849   14330 watch.go:40] Failed to load config from \"/home/user/test1/barberweb/dataconnect\": could not find dataconnect.yaml in `/home/user/test1/barberweb/dataconnect`\n"}}
[debug] [2026-07-21T22:35:09.263Z] E0721 22:35:09.263083   14330 watch.go:40] Failed to load config from "/home/user/test1/barberweb/dataconnect": could not find dataconnect.yaml in `/home/user/test1/barberweb/dataconnect`
 {"metadata":{"emulator":{"name":"dataconnect"},"message":"E0721 22:35:09.263083   14330 watch.go:40] Failed to load config from \"/home/user/test1/barberweb/dataconnect\": could not find dataconnect.yaml in `/home/user/test1/barberweb/dataconnect`\n"}}
[debug] [2026-07-21T22:35:19.263Z] E0721 22:35:19.262860   14330 watch.go:40] Failed to load config from "/home/user/test1/barberweb/dataconnect": could not find dataconnect.yaml in `/home/user/test1/barberweb/dataconnect`
 {"metadata":{"emulator":{"name":"dataconnect"},"message":"E0721 22:35:19.262860   14330 watch.go:40] Failed to load config from \"/home/user/test1/barberweb/dataconnect\": could not find dataconnect.yaml in `/home/user/test1/barberweb/dataconnect`\n"}}
[debug] [2026-07-21T22:35:29.262Z] E0721 22:35:29.262390   14330 watch.go:40] Failed to load config from "/home/user/test1/barberweb/dataconnect": could not find dataconnect.yaml in `/home/user/test1/barberweb/dataconnect`
 {"metadata":{"emulator":{"name":"dataconnect"},"message":"E0721 22:35:29.262390   14330 watch.go:40] Failed to load config from \"/home/user/test1/barberweb/dataconnect\": could not find dataconnect.yaml in `/home/user/test1/barberweb/dataconnect`\n"}}
[debug] [2026-07-21T22:35:39.263Z] E0721 22:35:39.262823   14330 watch.go:116] watchAllDir unable to walk dir `/home/user/test1/barberweb/dataconnect`: lstat /home/user/test1/barberweb/dataconnect: no such file or directory
E0721 22:35:39.262968   14330 watch.go:40] Failed to load config from "/home/user/test1/barberweb/dataconnect": could not find dataconnect.yaml in `/home/user/test1/barberweb/dataconnect`
 {"metadata":{"emulator":{"name":"dataconnect"},"message":"E0721 22:35:39.262823   14330 watch.go:116] watchAllDir unable to walk dir `/home/user/test1/barberweb/dataconnect`: lstat /home/user/test1/barberweb/dataconnect: no such file or directory\nE0721 22:35:39.262968   14330 watch.go:40] Failed to load config from \"/home/user/test1/barberweb/dataconnect\": could not find dataconnect.yaml in `/home/user/test1/barberweb/dataconnect`\n"}}
[debug] [2026-07-21T22:35:49.262Z] E0721 22:35:49.262235   14330 watch.go:40] Failed to load config from "/home/user/test1/barberweb/dataconnect": could not find dataconnect.yaml in `/home/user/test1/barberweb/dataconnect`
 {"metadata":{"emulator":{"name":"dataconnect"},"message":"E0721 22:35:49.262235   14330 watch.go:40] Failed to load config from \"/home/user/test1/barberweb/dataconnect\": could not find dataconnect.yaml in `/home/user/test1/barberweb/dataconnect`\n"}}
[debug] [2026-07-21T22:35:59.271Z] E0721 22:35:59.271403   14330 watch.go:40] Failed to load config from "/home/user/test1/barberweb/dataconnect": could not find dataconnect.yaml in `/home/user/test1/barberweb/dataconnect`
 {"metadata":{"emulator":{"name":"dataconnect"},"message":"E0721 22:35:59.271403   14330 watch.go:40] Failed to load config from \"/home/user/test1/barberweb/dataconnect\": could not find dataconnect.yaml in `/home/user/test1/barberweb/dataconnect`\n"}}
[debug] [2026-07-21T22:36:09.262Z] E0721 22:36:09.262644   14330 watch.go:40] Failed to load config from "/home/user/test1/barberweb/dataconnect": could not find dataconnect.yaml in `/home/user/test1/barberweb/dataconnect`
 {"metadata":{"emulator":{"name":"dataconnect"},"message":"E0721 22:36:09.262644   14330 watch.go:40] Failed to load config from \"/home/user/test1/barberweb/dataconnect\": could not find dataconnect.yaml in `/home/user/test1/barberweb/dataconnect`\n"}}
[debug] [2026-07-21T22:36:19.265Z] E0721 22:36:19.264740   14330 watch.go:40] Failed to load config from "/home/user/test1/barberweb/dataconnect": could not find dataconnect.yaml in `/home/user/test1/barberweb/dataconnect`
 {"metadata":{"emulator":{"name":"dataconnect"},"message":"E0721 22:36:19.264740   14330 watch.go:40] Failed to load config from \"/home/user/test1/barberweb/dataconnect\": could not find dataconnect.yaml in `/home/user/test1/barberweb/dataconnect`\n"}}
[debug] [2026-07-21T22:36:29.271Z] E0721 22:36:29.271363   14330 watch.go:40] Failed to load config from "/home/user/test1/barberweb/dataconnect": could not find dataconnect.yaml in `/home/user/test1/barberweb/dataconnect`
 {"metadata":{"emulator":{"name":"dataconnect"},"message":"E0721 22:36:29.271363   14330 watch.go:40] Failed to load config from \"/home/user/test1/barberweb/dataconnect\": could not find dataconnect.yaml in `/home/user/test1/barberweb/dataconnect`\n"}}
[debug] [2026-07-21T22:36:39.263Z] E0721 22:36:39.262954   14330 watch.go:116] watchAllDir unable to walk dir `/home/user/test1/barberweb/dataconnect`: lstat /home/user/test1/barberweb/dataconnect: no such file or directory
E0721 22:36:39.263059   14330 watch.go:40] Failed to load config from "/home/user/test1/barberweb/dataconnect": could not find dataconnect.yaml in `/home/user/test1/barberweb/dataconnect`
 {"metadata":{"emulator":{"name":"dataconnect"},"message":"E0721 22:36:39.262954   14330 watch.go:116] watchAllDir unable to walk dir `/home/user/test1/barberweb/dataconnect`: lstat /home/user/test1/barberweb/dataconnect: no such file or directory\nE0721 22:36:39.263059   14330 watch.go:40] Failed to load config from \"/home/user/test1/barberweb/dataconnect\": could not find dataconnect.yaml in `/home/user/test1/barberweb/dataconnect`\n"}}
[debug] [2026-07-21T22:36:49.271Z] E0721 22:36:49.270742   14330 watch.go:40] Failed to load config from "/home/user/test1/barberweb/dataconnect": could not find dataconnect.yaml in `/home/user/test1/barberweb/dataconnect`
 {"metadata":{"emulator":{"name":"dataconnect"},"message":"E0721 22:36:49.270742   14330 watch.go:40] Failed to load config from \"/home/user/test1/barberweb/dataconnect\": could not find dataconnect.yaml in `/home/user/test1/barberweb/dataconnect`\n"}}
[debug] [2026-07-21T22:36:59.271Z] E0721 22:36:59.271396   14330 watch.go:40] Failed to load config from "/home/user/test1/barberweb/dataconnect": could not find dataconnect.yaml in `/home/user/test1/barberweb/dataconnect`
 {"metadata":{"emulator":{"name":"dataconnect"},"message":"E0721 22:36:59.271396   14330 watch.go:40] Failed to load config from \"/home/user/test1/barberweb/dataconnect\": could not find dataconnect.yaml in `/home/user/test1/barberweb/dataconnect`\n"}}
[debug] [2026-07-21T22:37:09.262Z] E0721 22:37:09.262604   14330 watch.go:40] Failed to load config from "/home/user/test1/barberweb/dataconnect": could not find dataconnect.yaml in `/home/user/test1/barberweb/dataconnect`
 {"metadata":{"emulator":{"name":"dataconnect"},"message":"E0721 22:37:09.262604   14330 watch.go:40] Failed to load config from \"/home/user/test1/barberweb/dataconnect\": could not find dataconnect.yaml in `/home/user/test1/barberweb/dataconnect`\n"}}
[debug] [2026-07-21T22:37:19.268Z] E0721 22:37:19.267763   14330 watch.go:40] Failed to load config from "/home/user/test1/barberweb/dataconnect": could not find dataconnect.yaml in `/home/user/test1/barberweb/dataconnect`
 {"metadata":{"emulator":{"name":"dataconnect"},"message":"E0721 22:37:19.267763   14330 watch.go:40] Failed to load config from \"/home/user/test1/barberweb/dataconnect\": could not find dataconnect.yaml in `/home/user/test1/barberweb/dataconnect`\n"}}
[debug] [2026-07-21T22:37:29.263Z] E0721 22:37:29.262886   14330 watch.go:40] Failed to load config from "/home/user/test1/barberweb/dataconnect": could not find dataconnect.yaml in `/home/user/test1/barberweb/dataconnect`
 {"metadata":{"emulator":{"name":"dataconnect"},"message":"E0721 22:37:29.262886   14330 watch.go:40] Failed to load config from \"/home/user/test1/barberweb/dataconnect\": could not find dataconnect.yaml in `/home/user/test1/barberweb/dataconnect`\n"}}
[debug] [2026-07-21T22:37:39.262Z] E0721 22:37:39.262130   14330 watch.go:116] watchAllDir unable to walk dir `/home/user/test1/barberweb/dataconnect`: lstat /home/user/test1/barberweb/dataconnect: no such file or directory
E0721 22:37:39.262285   14330 watch.go:40] Failed to load config from "/home/user/test1/barberweb/dataconnect": could not find dataconnect.yaml in `/home/user/test1/barberweb/dataconnect`
 {"metadata":{"emulator":{"name":"dataconnect"},"message":"E0721 22:37:39.262130   14330 watch.go:116] watchAllDir unable to walk dir `/home/user/test1/barberweb/dataconnect`: lstat /home/user/test1/barberweb/dataconnect: no such file or directory\nE0721 22:37:39.262285   14330 watch.go:40] Failed to load config from \"/home/user/test1/barberweb/dataconnect\": could not find dataconnect.yaml in `/home/user/test1/barberweb/dataconnect`\n"}}
[debug] [2026-07-21T22:37:49.271Z] E0721 22:37:49.271394   14330 watch.go:40] Failed to load config from "/home/user/test1/barberweb/dataconnect": could not find dataconnect.yaml in `/home/user/test1/barberweb/dataconnect`
 {"metadata":{"emulator":{"name":"dataconnect"},"message":"E0721 22:37:49.271394   14330 watch.go:40] Failed to load config from \"/home/user/test1/barberweb/dataconnect\": could not find dataconnect.yaml in `/home/user/test1/barberweb/dataconnect`\n"}}
[debug] [2026-07-21T22:37:59.271Z] E0721 22:37:59.271544   14330 watch.go:40] Failed to load config from "/home/user/test1/barberweb/dataconnect": could not find dataconnect.yaml in `/home/user/test1/barberweb/dataconnect`
 {"metadata":{"emulator":{"name":"dataconnect"},"message":"E0721 22:37:59.271544   14330 watch.go:40] Failed to load config from \"/home/user/test1/barberweb/dataconnect\": could not find dataconnect.yaml in `/home/user/test1/barberweb/dataconnect`\n"}}
[debug] [2026-07-21T22:38:09.262Z] E0721 22:38:09.262647   14330 watch.go:40] Failed to load config from "/home/user/test1/barberweb/dataconnect": could not find dataconnect.yaml in `/home/user/test1/barberweb/dataconnect`
 {"metadata":{"emulator":{"name":"dataconnect"},"message":"E0721 22:38:09.262647   14330 watch.go:40] Failed to load config from \"/home/user/test1/barberweb/dataconnect\": could not find dataconnect.yaml in `/home/user/test1/barberweb/dataconnect`\n"}}
[debug] [2026-07-21T22:38:19.271Z] E0721 22:38:19.271358   14330 watch.go:40] Failed to load config from "/home/user/test1/barberweb/dataconnect": could not find dataconnect.yaml in `/home/user/test1/barberweb/dataconnect`
 {"metadata":{"emulator":{"name":"dataconnect"},"message":"E0721 22:38:19.271358   14330 watch.go:40] Failed to load config from \"/home/user/test1/barberweb/dataconnect\": could not find dataconnect.yaml in `/home/user/test1/barberweb/dataconnect`\n"}}
[debug] [2026-07-21T22:38:29.271Z] E0721 22:38:29.271330   14330 watch.go:40] Failed to load config from "/home/user/test1/barberweb/dataconnect": could not find dataconnect.yaml in `/home/user/test1/barberweb/dataconnect`
 {"metadata":{"emulator":{"name":"dataconnect"},"message":"E0721 22:38:29.271330   14330 watch.go:40] Failed to load config from \"/home/user/test1/barberweb/dataconnect\": could not find dataconnect.yaml in `/home/user/test1/barberweb/dataconnect`\n"}}
[debug] [2026-07-21T22:38:39.263Z] E0721 22:38:39.262848   14330 watch.go:116] watchAllDir unable to walk dir `/home/user/test1/barberweb/dataconnect`: lstat /home/user/test1/barberweb/dataconnect: no such file or directory
E0721 22:38:39.262937   14330 watch.go:40] Failed to load config from "/home/user/test1/barberweb/dataconnect": could not find dataconnect.yaml in `/home/user/test1/barberweb/dataconnect`
 {"metadata":{"emulator":{"name":"dataconnect"},"message":"E0721 22:38:39.262848   14330 watch.go:116] watchAllDir unable to walk dir `/home/user/test1/barberweb/dataconnect`: lstat /home/user/test1/barberweb/dataconnect: no such file or directory\nE0721 22:38:39.262937   14330 watch.go:40] Failed to load config from \"/home/user/test1/barberweb/dataconnect\": could not find dataconnect.yaml in `/home/user/test1/barberweb/dataconnect`\n"}}
[debug] [2026-07-21T22:38:49.270Z] E0721 22:38:49.270589   14330 watch.go:40] Failed to load config from "/home/user/test1/barberweb/dataconnect": could not find dataconnect.yaml in `/home/user/test1/barberweb/dataconnect`
 {"metadata":{"emulator":{"name":"dataconnect"},"message":"E0721 22:38:49.270589   14330 watch.go:40] Failed to load config from \"/home/user/test1/barberweb/dataconnect\": could not find dataconnect.yaml in `/home/user/test1/barberweb/dataconnect`\n"}}
[debug] [2026-07-21T22:38:59.264Z] E0721 22:38:59.264132   14330 watch.go:40] Failed to load config from "/home/user/test1/barberweb/dataconnect": could not find dataconnect.yaml in `/home/user/test1/barberweb/dataconnect`
 {"metadata":{"emulator":{"name":"dataconnect"},"message":"E0721 22:38:59.264132   14330 watch.go:40] Failed to load config from \"/home/user/test1/barberweb/dataconnect\": could not find dataconnect.yaml in `/home/user/test1/barberweb/dataconnect`\n"}}
[debug] [2026-07-21T22:39:09.263Z] E0721 22:39:09.262751   14330 watch.go:40] Failed to load config from "/home/user/test1/barberweb/dataconnect": could not find dataconnect.yaml in `/home/user/test1/barberweb/dataconnect`
 {"metadata":{"emulator":{"name":"dataconnect"},"message":"E0721 22:39:09.262751   14330 watch.go:40] Failed to load config from \"/home/user/test1/barberweb/dataconnect\": could not find dataconnect.yaml in `/home/user/test1/barberweb/dataconnect`\n"}}
[debug] [2026-07-21T22:39:19.271Z] E0721 22:39:19.271337   14330 watch.go:40] Failed to load config from "/home/user/test1/barberweb/dataconnect": could not find dataconnect.yaml in `/home/user/test1/barberweb/dataconnect`
 {"metadata":{"emulator":{"name":"dataconnect"},"message":"E0721 22:39:19.271337   14330 watch.go:40] Failed to load config from \"/home/user/test1/barberweb/dataconnect\": could not find dataconnect.yaml in `/home/user/test1/barberweb/dataconnect`\n"}}
[debug] [2026-07-21T22:39:29.270Z] E0721 22:39:29.270593   14330 watch.go:40] Failed to load config from "/home/user/test1/barberweb/dataconnect": could not find dataconnect.yaml in `/home/user/test1/barberweb/dataconnect`
 {"metadata":{"emulator":{"name":"dataconnect"},"message":"E0721 22:39:29.270593   14330 watch.go:40] Failed to load config from \"/home/user/test1/barberweb/dataconnect\": could not find dataconnect.yaml in `/home/user/test1/barberweb/dataconnect`\n"}}
[debug] [2026-07-21T22:39:39.262Z] E0721 22:39:39.262383   14330 watch.go:116] watchAllDir unable to walk dir `/home/user/test1/barberweb/dataconnect`: lstat /home/user/test1/barberweb/dataconnect: no such file or directory
E0721 22:39:39.262543   14330 watch.go:40] Failed to load config from "/home/user/test1/barberweb/dataconnect": could not find dataconnect.yaml in `/home/user/test1/barberweb/dataconnect`
 {"metadata":{"emulator":{"name":"dataconnect"},"message":"E0721 22:39:39.262383   14330 watch.go:116] watchAllDir unable to walk dir `/home/user/test1/barberweb/dataconnect`: lstat /home/user/test1/barberweb/dataconnect: no such file or directory\nE0721 22:39:39.262543   14330 watch.go:40] Failed to load config from \"/home/user/test1/barberweb/dataconnect\": could not find dataconnect.yaml in `/home/user/test1/barberweb/dataconnect`\n"}}
[debug] [2026-07-21T22:39:49.266Z] E0721 22:39:49.266142   14330 watch.go:40] Failed to load config from "/home/user/test1/barberweb/dataconnect": could not find dataconnect.yaml in `/home/user/test1/barberweb/dataconnect`
 {"metadata":{"emulator":{"name":"dataconnect"},"message":"E0721 22:39:49.266142   14330 watch.go:40] Failed to load config from \"/home/user/test1/barberweb/dataconnect\": could not find dataconnect.yaml in `/home/user/test1/barberweb/dataconnect`\n"}}
[debug] [2026-07-21T22:39:59.271Z] E0721 22:39:59.271391   14330 watch.go:40] Failed to load config from "/home/user/test1/barberweb/dataconnect": could not find dataconnect.yaml in `/home/user/test1/barberweb/dataconnect`
 {"metadata":{"emulator":{"name":"dataconnect"},"message":"E0721 22:39:59.271391   14330 watch.go:40] Failed to load config from \"/home/user/test1/barberweb/dataconnect\": could not find dataconnect.yaml in `/home/user/test1/barberweb/dataconnect`\n"}}
[debug] [2026-07-21T22:40:09.263Z] E0721 22:40:09.262989   14330 watch.go:40] Failed to load config from "/home/user/test1/barberweb/dataconnect": could not find dataconnect.yaml in `/home/user/test1/barberweb/dataconnect`
 {"metadata":{"emulator":{"name":"dataconnect"},"message":"E0721 22:40:09.262989   14330 watch.go:40] Failed to load config from \"/home/user/test1/barberweb/dataconnect\": could not find dataconnect.yaml in `/home/user/test1/barberweb/dataconnect`\n"}}
[debug] [2026-07-21T22:40:19.272Z] E0721 22:40:19.272130   14330 watch.go:40] Failed to load config from "/home/user/test1/barberweb/dataconnect": could not find dataconnect.yaml in `/home/user/test1/barberweb/dataconnect`
 {"metadata":{"emulator":{"name":"dataconnect"},"message":"E0721 22:40:19.272130   14330 watch.go:40] Failed to load config from \"/home/user/test1/barberweb/dataconnect\": could not find dataconnect.yaml in `/home/user/test1/barberweb/dataconnect`\n"}}
[debug] [2026-07-21T22:40:29.270Z] E0721 22:40:29.270528   14330 watch.go:40] Failed to load config from "/home/user/test1/barberweb/dataconnect": could not find dataconnect.yaml in `/home/user/test1/barberweb/dataconnect`
 {"metadata":{"emulator":{"name":"dataconnect"},"message":"E0721 22:40:29.270528   14330 watch.go:40] Failed to load config from \"/home/user/test1/barberweb/dataconnect\": could not find dataconnect.yaml in `/home/user/test1/barberweb/dataconnect`\n"}}
[debug] [2026-07-21T22:40:39.263Z] E0721 22:40:39.262935   14330 watch.go:116] watchAllDir unable to walk dir `/home/user/test1/barberweb/dataconnect`: lstat /home/user/test1/barberweb/dataconnect: no such file or directory
E0721 22:40:39.263039   14330 watch.go:40] Failed to load config from "/home/user/test1/barberweb/dataconnect": could not find dataconnect.yaml in `/home/user/test1/barberweb/dataconnect`
 {"metadata":{"emulator":{"name":"dataconnect"},"message":"E0721 22:40:39.262935   14330 watch.go:116] watchAllDir unable to walk dir `/home/user/test1/barberweb/dataconnect`: lstat /home/user/test1/barberweb/dataconnect: no such file or directory\nE0721 22:40:39.263039   14330 watch.go:40] Failed to load config from \"/home/user/test1/barberweb/dataconnect\": could not find dataconnect.yaml in `/home/user/test1/barberweb/dataconnect`\n"}}
[debug] [2026-07-21T22:40:49.272Z] E0721 22:40:49.272247   14330 watch.go:40] Failed to load config from "/home/user/test1/barberweb/dataconnect": could not find dataconnect.yaml in `/home/user/test1/barberweb/dataconnect`
 {"metadata":{"emulator":{"name":"dataconnect"},"message":"E0721 22:40:49.272247   14330 watch.go:40] Failed to load config from \"/home/user/test1/barberweb/dataconnect\": could not find dataconnect.yaml in `/home/user/test1/barberweb/dataconnect`\n"}}
[debug] [2026-07-21T22:40:59.270Z] E0721 22:40:59.270417   14330 watch.go:40] Failed to load config from "/home/user/test1/barberweb/dataconnect": could not find dataconnect.yaml in `/home/user/test1/barberweb/dataconnect`
 {"metadata":{"emulator":{"name":"dataconnect"},"message":"E0721 22:40:59.270417   14330 watch.go:40] Failed to load config from \"/home/user/test1/barberweb/dataconnect\": could not find dataconnect.yaml in `/home/user/test1/barberweb/dataconnect`\n"}}
[debug] [2026-07-21T22:41:09.263Z] E0721 22:41:09.262886   14330 watch.go:40] Failed to load config from "/home/user/test1/barberweb/dataconnect": could not find dataconnect.yaml in `/home/user/test1/barberweb/dataconnect`
 {"metadata":{"emulator":{"name":"dataconnect"},"message":"E0721 22:41:09.262886   14330 watch.go:40] Failed to load config from \"/home/user/test1/barberweb/dataconnect\": could not find dataconnect.yaml in `/home/user/test1/barberweb/dataconnect`\n"}}
[debug] [2026-07-21T22:41:19.272Z] E0721 22:41:19.272025   14330 watch.go:40] Failed to load config from "/home/user/test1/barberweb/dataconnect": could not find dataconnect.yaml in `/home/user/test1/barberweb/dataconnect`
 {"metadata":{"emulator":{"name":"dataconnect"},"message":"E0721 22:41:19.272025   14330 watch.go:40] Failed to load config from \"/home/user/test1/barberweb/dataconnect\": could not find dataconnect.yaml in `/home/user/test1/barberweb/dataconnect`\n"}}
[debug] [2026-07-21T22:41:29.272Z] E0721 22:41:29.272171   14330 watch.go:40] Failed to load config from "/home/user/test1/barberweb/dataconnect": could not find dataconnect.yaml in `/home/user/test1/barberweb/dataconnect`
 {"metadata":{"emulator":{"name":"dataconnect"},"message":"E0721 22:41:29.272171   14330 watch.go:40] Failed to load config from \"/home/user/test1/barberweb/dataconnect\": could not find dataconnect.yaml in `/home/user/test1/barberweb/dataconnect`\n"}}
[debug] [2026-07-21T22:41:39.263Z] E0721 22:41:39.262890   14330 watch.go:116] watchAllDir unable to walk dir `/home/user/test1/barberweb/dataconnect`: lstat /home/user/test1/barberweb/dataconnect: no such file or directory
E0721 22:41:39.263143   14330 watch.go:40] Failed to load config from "/home/user/test1/barberweb/dataconnect": could not find dataconnect.yaml in `/home/user/test1/barberweb/dataconnect`
 {"metadata":{"emulator":{"name":"dataconnect"},"message":"E0721 22:41:39.262890   14330 watch.go:116] watchAllDir unable to walk dir `/home/user/test1/barberweb/dataconnect`: lstat /home/user/test1/barberweb/dataconnect: no such file or directory\nE0721 22:41:39.263143   14330 watch.go:40] Failed to load config from \"/home/user/test1/barberweb/dataconnect\": could not find dataconnect.yaml in `/home/user/test1/barberweb/dataconnect`\n"}}
[debug] [2026-07-21T22:41:49.263Z] E0721 22:41:49.262556   14330 watch.go:40] Failed to load config from "/home/user/test1/barberweb/dataconnect": could not find dataconnect.yaml in `/home/user/test1/barberweb/dataconnect`
 {"metadata":{"emulator":{"name":"dataconnect"},"message":"E0721 22:41:49.262556   14330 watch.go:40] Failed to load config from \"/home/user/test1/barberweb/dataconnect\": could not find dataconnect.yaml in `/home/user/test1/barberweb/dataconnect`\n"}}
[debug] [2026-07-21T22:41:59.271Z] E0721 22:41:59.271411   14330 watch.go:40] Failed to load config from "/home/user/test1/barberweb/dataconnect": could not find dataconnect.yaml in `/home/user/test1/barberweb/dataconnect`
 {"metadata":{"emulator":{"name":"dataconnect"},"message":"E0721 22:41:59.271411   14330 watch.go:40] Failed to load config from \"/home/user/test1/barberweb/dataconnect\": could not find dataconnect.yaml in `/home/user/test1/barberweb/dataconnect`\n"}}
[debug] [2026-07-21T22:42:09.263Z] E0721 22:42:09.262980   14330 watch.go:40] Failed to load config from "/home/user/test1/barberweb/dataconnect": could not find dataconnect.yaml in `/home/user/test1/barberweb/dataconnect`
 {"metadata":{"emulator":{"name":"dataconnect"},"message":"E0721 22:42:09.262980   14330 watch.go:40] Failed to load config from \"/home/user/test1/barberweb/dataconnect\": could not find dataconnect.yaml in `/home/user/test1/barberweb/dataconnect`\n"}}
[debug] [2026-07-21T22:42:19.271Z] E0721 22:42:19.271387   14330 watch.go:40] Failed to load config from "/home/user/test1/barberweb/dataconnect": could not find dataconnect.yaml in `/home/user/test1/barberweb/dataconnect`
 {"metadata":{"emulator":{"name":"dataconnect"},"message":"E0721 22:42:19.271387   14330 watch.go:40] Failed to load config from \"/home/user/test1/barberweb/dataconnect\": could not find dataconnect.yaml in `/home/user/test1/barberweb/dataconnect`\n"}}
[debug] [2026-07-21T22:42:29.271Z] E0721 22:42:29.271409   14330 watch.go:40] Failed to load config from "/home/user/test1/barberweb/dataconnect": could not find dataconnect.yaml in `/home/user/test1/barberweb/dataconnect`
 {"metadata":{"emulator":{"name":"dataconnect"},"message":"E0721 22:42:29.271409   14330 watch.go:40] Failed to load config from \"/home/user/test1/barberweb/dataconnect\": could not find dataconnect.yaml in `/home/user/test1/barberweb/dataconnect`\n"}}
[debug] [2026-07-21T22:42:39.262Z] E0721 22:42:39.262596   14330 watch.go:116] watchAllDir unable to walk dir `/home/user/test1/barberweb/dataconnect`: lstat /home/user/test1/barberweb/dataconnect: no such file or directory
E0721 22:42:39.262712   14330 watch.go:40] Failed to load config from "/home/user/test1/barberweb/dataconnect": could not find dataconnect.yaml in `/home/user/test1/barberweb/dataconnect`
 {"metadata":{"emulator":{"name":"dataconnect"},"message":"E0721 22:42:39.262596   14330 watch.go:116] watchAllDir unable to walk dir `/home/user/test1/barberweb/dataconnect`: lstat /home/user/test1/barberweb/dataconnect: no such file or directory\nE0721 22:42:39.262712   14330 watch.go:40] Failed to load config from \"/home/user/test1/barberweb/dataconnect\": could not find dataconnect.yaml in `/home/user/test1/barberweb/dataconnect`\n"}}
[debug] [2026-07-21T22:42:49.271Z] E0721 22:42:49.271352   14330 watch.go:40] Failed to load config from "/home/user/test1/barberweb/dataconnect": could not find dataconnect.yaml in `/home/user/test1/barberweb/dataconnect`
 {"metadata":{"emulator":{"name":"dataconnect"},"message":"E0721 22:42:49.271352   14330 watch.go:40] Failed to load config from \"/home/user/test1/barberweb/dataconnect\": could not find dataconnect.yaml in `/home/user/test1/barberweb/dataconnect`\n"}}
[debug] [2026-07-21T22:42:59.271Z] E0721 22:42:59.271319   14330 watch.go:40] Failed to load config from "/home/user/test1/barberweb/dataconnect": could not find dataconnect.yaml in `/home/user/test1/barberweb/dataconnect`
 {"metadata":{"emulator":{"name":"dataconnect"},"message":"E0721 22:42:59.271319   14330 watch.go:40] Failed to load config from \"/home/user/test1/barberweb/dataconnect\": could not find dataconnect.yaml in `/home/user/test1/barberweb/dataconnect`\n"}}
[debug] [2026-07-21T22:43:09.262Z] E0721 22:43:09.262585   14330 watch.go:40] Failed to load config from "/home/user/test1/barberweb/dataconnect": could not find dataconnect.yaml in `/home/user/test1/barberweb/dataconnect`
 {"metadata":{"emulator":{"name":"dataconnect"},"message":"E0721 22:43:09.262585   14330 watch.go:40] Failed to load config from \"/home/user/test1/barberweb/dataconnect\": could not find dataconnect.yaml in `/home/user/test1/barberweb/dataconnect`\n"}}
[debug] [2026-07-21T22:43:19.269Z] E0721 22:43:19.269399   14330 watch.go:40] Failed to load config from "/home/user/test1/barberweb/dataconnect": could not find dataconnect.yaml in `/home/user/test1/barberweb/dataconnect`
 {"metadata":{"emulator":{"name":"dataconnect"},"message":"E0721 22:43:19.269399   14330 watch.go:40] Failed to load config from \"/home/user/test1/barberweb/dataconnect\": could not find dataconnect.yaml in `/home/user/test1/barberweb/dataconnect`\n"}}
[debug] [2026-07-21T22:43:29.271Z] E0721 22:43:29.271333   14330 watch.go:40] Failed to load config from "/home/user/test1/barberweb/dataconnect": could not find dataconnect.yaml in `/home/user/test1/barberweb/dataconnect`
 {"metadata":{"emulator":{"name":"dataconnect"},"message":"E0721 22:43:29.271333   14330 watch.go:40] Failed to load config from \"/home/user/test1/barberweb/dataconnect\": could not find dataconnect.yaml in `/home/user/test1/barberweb/dataconnect`\n"}}
[debug] [2026-07-21T22:43:39.262Z] E0721 22:43:39.262243   14330 watch.go:116] watchAllDir unable to walk dir `/home/user/test1/barberweb/dataconnect`: lstat /home/user/test1/barberweb/dataconnect: no such file or directory
E0721 22:43:39.262281   14330 watch.go:40] Failed to load config from "/home/user/test1/barberweb/dataconnect": could not find dataconnect.yaml in `/home/user/test1/barberweb/dataconnect`
 {"metadata":{"emulator":{"name":"dataconnect"},"message":"E0721 22:43:39.262243   14330 watch.go:116] watchAllDir unable to walk dir `/home/user/test1/barberweb/dataconnect`: lstat /home/user/test1/barberweb/dataconnect: no such file or directory\nE0721 22:43:39.262281   14330 watch.go:40] Failed to load config from \"/home/user/test1/barberweb/dataconnect\": could not find dataconnect.yaml in `/home/user/test1/barberweb/dataconnect`\n"}}
[debug] [2026-07-21T22:43:49.263Z] E0721 22:43:49.262850   14330 watch.go:40] Failed to load config from "/home/user/test1/barberweb/dataconnect": could not find dataconnect.yaml in `/home/user/test1/barberweb/dataconnect`
 {"metadata":{"emulator":{"name":"dataconnect"},"message":"E0721 22:43:49.262850   14330 watch.go:40] Failed to load config from \"/home/user/test1/barberweb/dataconnect\": could not find dataconnect.yaml in `/home/user/test1/barberweb/dataconnect`\n"}}
[debug] [2026-07-21T22:43:59.262Z] E0721 22:43:59.262336   14330 watch.go:40] Failed to load config from "/home/user/test1/barberweb/dataconnect": could not find dataconnect.yaml in `/home/user/test1/barberweb/dataconnect`
 {"metadata":{"emulator":{"name":"dataconnect"},"message":"E0721 22:43:59.262336   14330 watch.go:40] Failed to load config from \"/home/user/test1/barberweb/dataconnect\": could not find dataconnect.yaml in `/home/user/test1/barberweb/dataconnect`\n"}}
[debug] [2026-07-21T22:44:09.263Z] E0721 22:44:09.262883   14330 watch.go:40] Failed to load config from "/home/user/test1/barberweb/dataconnect": could not find dataconnect.yaml in `/home/user/test1/barberweb/dataconnect`
 {"metadata":{"emulator":{"name":"dataconnect"},"message":"E0721 22:44:09.262883   14330 watch.go:40] Failed to load config from \"/home/user/test1/barberweb/dataconnect\": could not find dataconnect.yaml in `/home/user/test1/barberweb/dataconnect`\n"}}
[debug] [2026-07-21T22:44:19.272Z] E0721 22:44:19.271806   14330 watch.go:40] Failed to load config from "/home/user/test1/barberweb/dataconnect": could not find dataconnect.yaml in `/home/user/test1/barberweb/dataconnect`
 {"metadata":{"emulator":{"name":"dataconnect"},"message":"E0721 22:44:19.271806   14330 watch.go:40] Failed to load config from \"/home/user/test1/barberweb/dataconnect\": could not find dataconnect.yaml in `/home/user/test1/barberweb/dataconnect`\n"}}
[debug] [2026-07-21T22:44:29.262Z] E0721 22:44:29.262315   14330 watch.go:40] Failed to load config from "/home/user/test1/barberweb/dataconnect": could not find dataconnect.yaml in `/home/user/test1/barberweb/dataconnect`
 {"metadata":{"emulator":{"name":"dataconnect"},"message":"E0721 22:44:29.262315   14330 watch.go:40] Failed to load config from \"/home/user/test1/barberweb/dataconnect\": could not find dataconnect.yaml in `/home/user/test1/barberweb/dataconnect`\n"}}
[debug] [2026-07-21T22:44:39.262Z] E0721 22:44:39.262617   14330 watch.go:116] watchAllDir unable to walk dir `/home/user/test1/barberweb/dataconnect`: lstat /home/user/test1/barberweb/dataconnect: no such file or directory
E0721 22:44:39.262697   14330 watch.go:40] Failed to load config from "/home/user/test1/barberweb/dataconnect": could not find dataconnect.yaml in `/home/user/test1/barberweb/dataconnect`
 {"metadata":{"emulator":{"name":"dataconnect"},"message":"E0721 22:44:39.262617   14330 watch.go:116] watchAllDir unable to walk dir `/home/user/test1/barberweb/dataconnect`: lstat /home/user/test1/barberweb/dataconnect: no such file or directory\nE0721 22:44:39.262697   14330 watch.go:40] Failed to load config from \"/home/user/test1/barberweb/dataconnect\": could not find dataconnect.yaml in `/home/user/test1/barberweb/dataconnect`\n"}}
[debug] [2026-07-21T22:44:49.271Z] E0721 22:44:49.271334   14330 watch.go:40] Failed to load config from "/home/user/test1/barberweb/dataconnect": could not find dataconnect.yaml in `/home/user/test1/barberweb/dataconnect`
 {"metadata":{"emulator":{"name":"dataconnect"},"message":"E0721 22:44:49.271334   14330 watch.go:40] Failed to load config from \"/home/user/test1/barberweb/dataconnect\": could not find dataconnect.yaml in `/home/user/test1/barberweb/dataconnect`\n"}}
[debug] [2026-07-21T22:44:59.271Z] E0721 22:44:59.271432   14330 watch.go:40] Failed to load config from "/home/user/test1/barberweb/dataconnect": could not find dataconnect.yaml in `/home/user/test1/barberweb/dataconnect`
 {"metadata":{"emulator":{"name":"dataconnect"},"message":"E0721 22:44:59.271432   14330 watch.go:40] Failed to load config from \"/home/user/test1/barberweb/dataconnect\": could not find dataconnect.yaml in `/home/user/test1/barberweb/dataconnect`\n"}}
[debug] [2026-07-21T22:45:09.262Z] E0721 22:45:09.262712   14330 watch.go:40] Failed to load config from "/home/user/test1/barberweb/dataconnect": could not find dataconnect.yaml in `/home/user/test1/barberweb/dataconnect`
 {"metadata":{"emulator":{"name":"dataconnect"},"message":"E0721 22:45:09.262712   14330 watch.go:40] Failed to load config from \"/home/user/test1/barberweb/dataconnect\": could not find dataconnect.yaml in `/home/user/test1/barberweb/dataconnect`\n"}}
[debug] [2026-07-21T22:45:19.271Z] E0721 22:45:19.271399   14330 watch.go:40] Failed to load config from "/home/user/test1/barberweb/dataconnect": could not find dataconnect.yaml in `/home/user/test1/barberweb/dataconnect`
 {"metadata":{"emulator":{"name":"dataconnect"},"message":"E0721 22:45:19.271399   14330 watch.go:40] Failed to load config from \"/home/user/test1/barberweb/dataconnect\": could not find dataconnect.yaml in `/home/user/test1/barberweb/dataconnect`\n"}}
[debug] [2026-07-21T22:45:29.271Z] E0721 22:45:29.271504   14330 watch.go:40] Failed to load config from "/home/user/test1/barberweb/dataconnect": could not find dataconnect.yaml in `/home/user/test1/barberweb/dataconnect`
 {"metadata":{"emulator":{"name":"dataconnect"},"message":"E0721 22:45:29.271504   14330 watch.go:40] Failed to load config from \"/home/user/test1/barberweb/dataconnect\": could not find dataconnect.yaml in `/home/user/test1/barberweb/dataconnect`\n"}}
[debug] [2026-07-21T22:45:39.263Z] E0721 22:45:39.262995   14330 watch.go:116] watchAllDir unable to walk dir `/home/user/test1/barberweb/dataconnect`: lstat /home/user/test1/barberweb/dataconnect: no such file or directory
E0721 22:45:39.263073   14330 watch.go:40] Failed to load config from "/home/user/test1/barberweb/dataconnect": could not find dataconnect.yaml in `/home/user/test1/barberweb/dataconnect`
 {"metadata":{"emulator":{"name":"dataconnect"},"message":"E0721 22:45:39.262995   14330 watch.go:116] watchAllDir unable to walk dir `/home/user/test1/barberweb/dataconnect`: lstat /home/user/test1/barberweb/dataconnect: no such file or directory\nE0721 22:45:39.263073   14330 watch.go:40] Failed to load config from \"/home/user/test1/barberweb/dataconnect\": could not find dataconnect.yaml in `/home/user/test1/barberweb/dataconnect`\n"}}
[debug] [2026-07-21T22:45:49.262Z] E0721 22:45:49.262372   14330 watch.go:40] Failed to load config from "/home/user/test1/barberweb/dataconnect": could not find dataconnect.yaml in `/home/user/test1/barberweb/dataconnect`
 {"metadata":{"emulator":{"name":"dataconnect"},"message":"E0721 22:45:49.262372   14330 watch.go:40] Failed to load config from \"/home/user/test1/barberweb/dataconnect\": could not find dataconnect.yaml in `/home/user/test1/barberweb/dataconnect`\n"}}
[debug] [2026-07-21T22:45:59.263Z] E0721 22:45:59.262791   14330 watch.go:40] Failed to load config from "/home/user/test1/barberweb/dataconnect": could not find dataconnect.yaml in `/home/user/test1/barberweb/dataconnect`
 {"metadata":{"emulator":{"name":"dataconnect"},"message":"E0721 22:45:59.262791   14330 watch.go:40] Failed to load config from \"/home/user/test1/barberweb/dataconnect\": could not find dataconnect.yaml in `/home/user/test1/barberweb/dataconnect`\n"}}
[debug] [2026-07-21T22:46:09.262Z] E0721 22:46:09.262555   14330 watch.go:40] Failed to load config from "/home/user/test1/barberweb/dataconnect": could not find dataconnect.yaml in `/home/user/test1/barberweb/dataconnect`
 {"metadata":{"emulator":{"name":"dataconnect"},"message":"E0721 22:46:09.262555   14330 watch.go:40] Failed to load config from \"/home/user/test1/barberweb/dataconnect\": could not find dataconnect.yaml in `/home/user/test1/barberweb/dataconnect`\n"}}
